id,airport_name,country,city,code
1,Aleknagik / New Airport,US,Aleknagik,WKK
2,Ghost International Airport,AF,Khost,KHT
3,Honiara International Airport,SB,Honiara,HIR
4,Munda Airport,SB,Munda,MUA
5,Hongyuan Airport,CN,Ngawa (Hongyuan),AHJ
6,Nauru International Airport,NR,Yaren District,INU
7,Alxa Left Banner Bayanhot Airport,CN,Bayanhot,AXF
8,Buka Airport,PG,Buka Island,BUA
9,Chimbu Airport,PG,Kundiawa,CMU
10,Daru Airport,PG,Daru,DAU
11,Goroka Airport,PG,Goronka,GKA
12,Gurney Airport,PG,Gurney,GUR
13,Girua Airport,PG,Popondetta,PNP
14,Hoskins Airport,PG,Kimbe,HKN
15,Kerema Airport,PG,Kerema,KMA
16,Kavieng Airport,PG,Kavieng,KVG
17,Madang Airport,PG,Madang,MAG
18,Mount Hagen Kagamuga Airport,PG,Mount Hagen,HGU
19,Mendi Airport,PG,Mendi,MDU
20,Momote Airport,PG,Manus Island,MAS
21,Nadzab Airport,PG,Lae,LAE
22,Port Moresby Jacksons International Airport,PG,Port Moresby,POM
23,Tokua Airport,PG,Kokopo,RAB
24,Vanimo Airport,PG,Vanimo,VAI
25,Wapenamanda Airport,PG,Wapenamanda,WBM
26,Wewak International Airport,PG,Wewak,WWK
27,Zabrat Airport,AZ,Baku,ZXT
28,Benguera Island Airport,MZ,Benguera Island,BCW
29,Bezmer Air Base,BG,Bezmer,JAM
30,Aasiaat Airport,GL,Aasiaat,JEG
31,Narsarsuaq Airport,GL,Narsarsuaq,UAK
32,Nuuk Airport,GL,Nuuk,GOH
33,Ilulissat Airport,GL,Ilulissat,JAV
34,Kulusuk Airport,GL,Kulusuk,KUS
35,Kangerlussuaq Airport,GL,Kangerlussuaq,SFJ
36,Sisimiut Airport,GL,Sisimiut,JHS
37,Pituffik Space Base,GL,Pituffik,THU
38,Akureyri Airport,IS,Akureyri,AEY
39,Egilssta√∞ir Airport,IS,Egilssta√∞ir,EGS
40,Hornafj√∂r√∞ur Airport,IS,H√∂fn,HFN
41,H√∫sav√≠k Airport,IS,H√∫sav√≠k,HZK
42,√çsafj√∂r√∞ur Airport,IS,√çsafj√∂r√∞ur,IFJ
43,Keflavik International Airport,IS,Reykjav√≠k,KEF
44,Reykjavik Airport,IS,Reykjavik,RKV
45,Siglufj√∂r√∞ur Airport,IS,Siglufj√∂r√∞ur,SIJ
46,Vestmannaeyjar Airport,IS,Vestmannaeyjar,VEY
47,Pri≈°tina Adem Jashari International Airport,XK,Prishtina,PRN
48,Glauber de Andrade Rocha Airport,BR,Vit√≥ria da Conquista,VDC
49,Betong International Airport,TH,Betong,BTZ
50,Orsha Airport - Balbasovo Air Base,BY,Orsha,TXC
51,Caye Caulker Airport,BZ,Caye Caulker,CUK
52,Caye Chapel Airport,BZ,Caye Chapel,CYC
53,Corozal Airport,BZ,Corozal,CZH
54,Dangriga Airport,BZ,Dangriga,DGA
55,Placencia Airport,BZ,Placencia,PLJ
56,Punta Gorda Airport,BZ,Punta Gorda,PND
57,Sartaneja Airport,BZ,Sartaneja,SJX
58,John Greif II Airport,BZ,San Pedro,SPR
59,Sir Barry Bowen Municipal Airport,BZ,Belize City,TZA
60,Bazaruto Island Airport,MZ,Bazaruto Island,BZB
61,Anahim Lake Airport,CA,Anahim Lake,YAA
62,Qualicum Beach Airport,CA,Qualicum Beach,XQU
63,Cache Creek-Ashcroft Regional Airport,CA,Cache Creek,YZA
64,Bella Bella (Campbell Island) Airport,CA,Bella Bella,ZEL
65,Nuevo Chait√©n Airport,CL,Chait√©n,WCH
66,Yuanmou Air Base,CN,Chuxiong (Yuanmou),YUA
67,Zhangjiakou Ningyuan Airport,CN,Zhangjiakou,ZQZ
68,Baoshan Yunrui Airport,CN,Baoshan (Longyang),BSD
69,Lincang Boshang Airport,CN,Lincang,LNJ
70,Xigaze Peace Airport / Shigatse Air Base,CN,Xigaz√™ (Samzhubz√™),RKZ
71,Panzhihua Bao'anying Airport,CN,Panzhihua (Renhe),PZI
72,Foshan Shadi Airport,CN,Foshan (Nanhai),FUO
73,Xinyang Minggang Airport,CN,Xinyang,XAI
74,Huizhou Pingtan Airport,CN,Huizhou (Pingtan),HUZ
75,Shaoguan Danxia Airport,CN,Shaoguan,HSC
76,Jinggangshan Airport,CN,Ji'an,JGS
77,Baise (Bose) Bama Airport,CN,Baise (Tianyang),AEB
78,Lianyungang Huaguoshan International Airport,CN,Lianyungang,LYG
79,Dongying Shengli Airport,CN,Dongying (Kenli),DOY
80,Xingcheng Air Base,CN,Huludao (Xingcheng),XEN
81,Altay Xuedu Airport,CN,Altay,AAT
82,Tianshui Maijishan Airport,CN,Tianshui (Maiji),THQ
83,Wuhan Hannan Municipal Airport,CN,Wuhan (Hannan),WHN
84,Beijing Nanjiao Airport,CN,Beijing,NAY
85,Dandong Langtou Airport,CN,Dandong (Zhenxing),DDG
86,Rikaze Dingri Airport,CN,Xigaz√™ (Dingri),DDR
87,Tashikuergan Hongqilafu Airport,CN,Tashikuergan,HQL
88,Zhanjiang Wuchuan Airport,CN,Zhanjiang,ZHA
89,Ali Pulan Airport,CN,Burang Town,APJ
90,Nantong Xingdong International Airport,CN,Nantong (Tongzhou),NTG
91,Lefkoniko Airport / Ge√ßitkale Air Base,CY,Lefkoniko (Ge√ßitkale),GEC
92,Fort Frances Municipal Airport,CA,Fort Frances,YAG
93,La Grande-4 Airport,CA,La Grande-4,YAH
94,Sault Ste Marie Airport,CA,Sault Ste Marie,YAM
95,Kasabonika Airport,CA,Kasabonika,XKS
96,St. Anthony Airport,CA,St. Anthony,YAY
97,Tofino / Long Beach Airport,CA,Tofino,YAZ
98,Baie-Comeau Airport,CA,Baie-Comeau,YBC
99,Bella Coola Airport,CA,Bella Coola,QBC
100,Bonnyville Airport,CA,Bonnyville,YBY
101,CFB Bagotville / Saguenay-Bagotville Airport,CA,La Baie,YBG
102,Baker Lake Airport,CA,Baker Lake,YBK
103,Campbell River Airport,CA,Campbell River,YBL
104,Brandon Municipal Airport,CA,Brandon,YBR
105,Lourdes-de-Blanc-Sablon Airport,CA,Blanc-Sablon,YBX
106,Cambridge Bay Airport,CA,Cambridge Bay,YCB
107,Cornwall Regional Airport,CA,Cornwall,YCC
108,Nanaimo Airport,CA,Nanaimo,YCD
109,Centralia / James T. Field Memorial Aerodrome,CA,Huron Park,YCE
110,Castlegar/West Kootenay Regional Airport,CA,Castlegar,YCG
111,Miramichi Airport,CA,Miramichi,YCH
112,Charlo Airport,CA,Charlo,YCL
113,Cochrane Airport,CA,Cochrane,YCN
114,Chetwynd Airport,CA,Chetwynd,YCQ
115,Dawson City Airport,CA,Dawson City,YDA
116,Burwash Airport,CA,Burwash Landing,YDB
117,Deer Lake Airport,CA,Deer Lake,YDF
118,Ross River Airport,CA,Ross River,XRR
119,Dauphin Barker Airport,CA,Dauphin,YDN
120,Dolbeau-Saint-Felicien Airport,CA,Dolbeau-Saint-Felicien,YDO
121,Dawson Creek Airport,CA,Dawson Creek,YDQ
122,Edmonton International Airport,CA,Edmonton,YEG
123,Elliot Lake Municipal Airport,CA,Elliot Lake,YEL
124,Manitoulin East Municipal Airport,CA,Sheguiandah,YEM
125,Estevan Airport,CA,Estevan,YEN
126,Edson Airport,CA,Edson,YET
127,Inuvik Mike Zubko Airport,CA,Inuvik,YEV
128,Amos/Magny Airport,CA,Amos,YEY
129,Iqaluit Airport,CA,Iqaluit,YFB
130,Fredericton Airport,CA,Fredericton,YFC
131,Forestville Airport,CA,Forestville,YFE
132,Mont-Tremblant International Airport,CA,La Macaza,YTM
133,Fort Resolution Airport,CA,Fort Resolution,YFR
134,Fort Simpson Airport,CA,Fort Simpson,YFS
135,Kingston Norman Rogers Airport,CA,Kingston,YGK
136,La Grande Rivi√®re Airport,CA,La Grande Rivi√®re,YGL
137,Gimli Industrial Park Airport,CA,Gimli,YGM
138,Michel-Pouliot Gasp√© Airport,CA,Gasp√©,YGP
139,Geraldton Greenstone Regional Airport,CA,Geraldton,YGQ
140,√éles-de-la-Madeleine Airport,CA,Les √éles-de-la-Madeleine,YGR
141,Havre-Saint-Pierre Airport,CA,Havre-Saint-Pierre,YGV
142,Kuujjuarapik Airport,CA,Kuujjuarapik,YGW
143,Dryden Regional Airport,CA,Dryden,YHD
144,Hearst Ren√© Fontaine Municipal Airport,CA,Hearst,YHF
145,John C. Munro Hamilton International Airport,CA,Hamilton,YHM
146,Hornepayne Municipal Airport,CA,Hornepayne,YHN
147,Haines Junction Airport,CA,Haines Junction,YHT
148,Montr√©al / Saint-Hubert Airport,CA,Montr√©al,YHU
149,Hay River / Merlyn Carter Airport,CA,Hay River,YHY
150,Halifax / Stanfield International Airport,CA,Halifax,YHZ
151,Atikokan Municipal Airport,CA,Atikokan,YIB
152,Digby / Annapolis Regional Airport,CA,Digby,YDG
153,St Augustin Airport,CA,St-Augustin,YIF
154,Island Lake Airport,CA,Island Lake,YIV
155,Fort Liard Airport,CA,Fort Liard,YJF
156,St Jean Airport,CA,St Jean,YJN
157,Dymond Airport,CA,Stephenville,YJT
158,Kamloops John Moose Fulton Field Regional Airport,CA,Kamloops,YKA
159,Region of Waterloo International Airport,CA,Breslau,YKF
160,Key Lake Airport,CA,Key Lake,YKJ
161,Schefferville Airport,CA,Schefferville,YKL
162,Kincardine Municipal Airport,CA,Kincardine,YKD
163,Kirkland Lake Airport,CA,Kirkland Lake,YKX
164,Kindersley Airport,CA,Kindersley,YKY
165,Chapleau Airport,CA,Chapleau,YLD
166,Meadow Lake Airport,CA,Meadow Lake,YLJ
167,Lloydminster Airport,CA,Lloydminster,YLL
168,Leaf Rapids Airport,CA,Leaf Rapids,YLR
169,Barrie-Lake Simcoe Regional Airport,CA,Barrie,YLK
170,Alert Airport,CA,Alert,YLT
171,Kelowna International Airport,CA,Kelowna,YLW
172,Mayo Airport,CA,Mayo,YMA
173,Matane Airport,CA,Matane,YME
174,Manitouwadge Airport,CA,Manitouwadge,YMG
175,Moose Jaw Air Vice Marshal C. M. McEwen Airport,CA,Moose Jaw,YMJ
176,Charlevoix Airport,CA,Charlevoix,YML
177,Fort McMurray Airport,CA,Fort McMurray,YMM
178,Moosonee Airport,CA,Moosonee,YMO
179,Chapais Airport,CA,Chibougamau,YMT
180,Montreal International (Mirabel) Airport,CA,Montr√©al,YMX
181,Natashquan Airport,CA,Natashquan,YNA
182,Ottawa / Gatineau Airport,CA,Gatineau,YND
183,Langley Airport,CA,Langley,YLY
184,Points North Landing Airport,CA,Points North Landing,YNL
185,Matagami Airport,CA,Matagami,YNM
186,Ekati Airport,CA,Ekati,YOA
187,CFB Cold Lake,CA,Cold Lake,YOD
188,High Level Airport,CA,High Level,YOJ
189,Oshawa Executive Airport,CA,Oshawa,YOO
190,Rainbow Lake Airport,CA,Rainbow Lake,YOP
191,Owen Sound / Billy Bishop Regional Airport,CA,Owen Sound,YOS
192,Ottawa Macdonald-Cartier International Airport,CA,Ottawa,YOW
193,Prince Albert Glass Field,CA,Prince Albert,YPA
194,Port Hawkesbury Airport,CA,Port Hawkesbury,YPS
195,Peace River Airport,CA,Peace River,YPE
196,Portage-la-Prairie / Southport Airport,CA,Portage la Prairie,YPG
197,Pickle Lake Airport,CA,Pickle Lake,YPL
198,Port-Menier Airport,CA,Port-Menier,YPN
199,Peterborough Municipal Airport,CA,Peterborough,YPQ
200,Prince Rupert Airport,CA,Prince Rupert,YPR
201,Powell River Airport,CA,Powell River,YPW
202,Puvirnituq Airport,CA,Puvirnituq,YPX
203,Fort Chipewyan Airport,CA,Fort Chipewyan,YPY
204,Burns Lake Airport,CA,Burns Lake,YPZ
205,Muskoka Airport,CA,Gravenhurst,YQA
206,Quebec Jean Lesage International Airport,CA,Quebec,YQB
207,The Pas Airport,CA,The Pas,YQD
208,Red Deer Regional Airport,CA,Springbrook,YQF
209,Windsor Airport,CA,Windsor,YQG
210,Watson Lake Airport,CA,Watson Lake,YQH
211,Yarmouth Airport,CA,Yarmouth,YQI
212,Kenora Airport,CA,Kenora,YQK
213,Lethbridge County Airport,CA,Lethbridge,YQL
214,Greater Moncton Rom√©o LeBlanc International Airport,CA,Moncton,YQM
215,Nakina Airport,CA,Nakina,YQN
216,Comox Valley Airport / CFB Comox,CA,Comox,YQQ
217,Regina International Airport,CA,Regina,YQR
218,St Thomas Municipal Airport,CA,St Thomas,YQS
219,Thunder Bay Airport,CA,Thunder Bay,YQT
220,Grande Prairie Airport,CA,Grande Prairie,YQU
221,Yorkton Municipal Airport,CA,Yorkton,YQV
222,North Battleford Airport,CA,North Battleford,YQW
223,Gander International Airport / CFB Gander,CA,Gander,YQX
224,Sydney / J.A. Douglas McCurdy Airport,CA,Sydney,YQY
225,Quesnel Airport,CA,Quesnel,YQZ
226,Resolute Bay Airport,CA,Resolute Bay,YRB
227,Rivi√®re-du-Loup Airport,CA,Rivi√®re-du-Loup,YRI
228,Roberval Airport,CA,Roberval,YRJ
229,Red Lake Airport,CA,Red Lake,YRL
230,Ottawa / Rockcliffe Airport,CA,Ottawa,YRO
231,Trois-Rivi√®res Airport,CA,Trois-Rivi√®res,YRQ
232,Rankin Inlet Airport,CA,Rankin Inlet,YRT
233,Revelstoke Airport,CA,Revelstoke,YRV
234,Sudbury Airport,CA,Sudbury,YSB
235,Sherbrooke Airport,CA,Sherbrooke,YSC
236,Stony Rapids Airport,CA,Stony Rapids,YSF
237,Smiths Falls-Montague (Russ Beach) Airport,CA,Smiths Falls,YSH
238,Saint John Airport,CA,Saint John,YSJ
239,Saint-L√©onard Airport,CA,Saint-L√©onard,YSL
240,Fort Smith Airport,CA,Fort Smith,YSM
241,Niagara District Airport,CA,Niagara-on-the-Lake,YCM
242,Marathon Airport,CA,Marathon,YSP
243,Summerside Airport,CA,Slemon Park,YSU
244,Pembroke Airport,CA,Pembroke,YTA
245,Alma Airport,CA,Alma,YTF
246,Thompson Airport,CA,Thompson,YTH
247,CFB Trenton,CA,Trenton,YTR
248,Timmins/Victor M. Power,CA,Timmins,YTS
249,Billy Bishop Toronto City Centre Airport,CA,Toronto,YTZ
250,Montreal / Pierre Elliott Trudeau International Airport,CA,Montr√©al,YUL
251,Hall Beach Airport,CA,Sanirajak,YUX
252,Rouyn Noranda Airport,CA,Rouyn-Noranda,YUY
253,Bonaventure Airport,CA,Bonaventure,YVB
254,La Ronge Airport,CA,La Ronge,YVC
255,Vernon Regional Airport,CA,Vernon,YVE
256,Val-d'Or Airport,CA,Val-d'Or,YVO
257,Kuujjuaq Airport,CA,Kuujjuaq,YVP
258,Norman Wells Airport,CA,Norman Wells,YVQ
259,Vancouver International Airport,CA,Vancouver,YVR
260,Wiarton Airport,CA,Wiarton,YVV
261,Petawawa Airport,CA,Petawawa,YWA
262,Winnipeg / James Armstrong Richardson International Airport,CA,Winnipeg,YWG
263,Wabush Airport,CA,Wabush,YWK
264,Williams Lake Airport,CA,Williams Lake,YWL
265,Wrigley Airport,CA,Wrigley,YWY
266,Cranbrook/Canadian Rockies International Airport,CA,Cranbrook,YXC
267,Saskatoon John G. Diefenbaker International Airport,CA,Saskatoon,YXE
268,Medicine Hat Regional Airport,CA,Medicine Hat,YXH
269,Fort St John / North Peace Regional Airport,CA,Fort Saint John,YXJ
270,Rimouski Airport,CA,Rimouski,YXK
271,Sioux Lookout Airport,CA,Sioux Lookout,YXL
272,Beaver Creek Airport,CA,Beaver Creek,YXQ
273,Earlton (Timiskaming Regional) Airport,CA,Earlton,YXR
274,Prince George Airport,CA,Prince George,YXS
275,Northwest Regional Airport Terrace-Kitimat,CA,Terrace,YXT
276,London Airport,CA,London,YXU
277,Abbotsford International Airport,CA,Abbotsford,YXX
278,Whitehorse / Erik Nielsen International Airport,CA,Whitehorse,YXY
279,Wawa Airport,CA,Wawa,YXZ
280,North Bay Jack Garland Airport,CA,North Bay,YYB
281,Calgary International Airport,CA,Calgary,YYC
282,Smithers Airport,CA,Smithers,YYD
283,Fort Nelson Airport,CA,Fort Nelson,YYE
284,Penticton Airport,CA,Penticton,YYF
285,Charlottetown Airport,CA,Charlottetown,YYG
286,Victoria International Airport,CA,Victoria,YYJ
287,Lynn Lake Airport,CA,Lynn Lake,YYL
288,Swift Current Airport,CA,Swift Current,YYN
289,Churchill Airport,CA,Churchill,YYQ
290,Goose Bay Airport,CA,Goose Bay,YYR
291,St. John's International Airport,CA,St. John's,YYT
292,Kapuskasing Airport,CA,Kapuskasing,YYU
293,Armstrong Airport,CA,Armstrong,YYW
294,Mont Joli Airport,CA,Mont-Joli,YYY
295,Toronto Lester B. Pearson International Airport,CA,Toronto,YYZ
296,Gore Bay Manitoulin Airport,CA,Gore Bay,YZE
297,Yellowknife International Airport,CA,Yellowknife,YZF
298,Slave Lake Airport,CA,Slave Lake,YZH
299,Sandspit Airport,CA,Sandspit,YZP
300,Chris Hadfield Airport,CA,Sarnia,YZR
301,Coral Harbour Airport,CA,Coral Harbour,YZS
302,Port Hardy Airport,CA,Port Hardy,YZT
303,Whitecourt Airport,CA,Whitecourt,YZU
304,Sept-√éles Airport,CA,Sept-√éles,YZV
305,Teslin Airport,CA,Teslin,YZW
306,CFB Greenwood,CA,Greenwood,YZX
307,Shuswap Regional Airport,CA,Salmon Arm,YSN
308,Boundary Bay Airport,CA,Delta,YDT
309,Bathurst Airport,CA,South Tetagouche,ZBF
310,Bromont (Roland D√©sourdy) Airport,CA,Bromont,ZBM
311,Kelsey Airport,CA,Kelsey,KES
312,Faro Airport,CA,Faro,ZFA
313,Grand Forks Airport,CA,Grand Forks,ZGF
314,Jenpeg Airport,CA,Jenpeg,ZJG
315,Swan River Airport,CA,Swan River,ZJN
316,Thicket Portage Airport,CA,Thicket Portage,YTD
317,Pikwitonei Airport,CA,Pikwitonei,PIW
318,Masset Airport,CA,Masset,ZMT
319,Pincher Creek Airport,CA,Pincher Creek,WPC
320,Sandy Lake Airport,CA,Sandy Lake,ZSJ
321,Stewart Airport,CA,Stewart,ZST
322,Ignace Municipal Airport,CA,Ignace,ZUC
323,Blida Airport,DZ,Blida,QLD
324,Bou Saada Airport,DZ,Ouled Sidi Brahim,BUJ
325,Soummam‚ÄìAbane Ramdane Airport,DZ,B√©ja√Øa,BJA
326,Houari Boumediene Airport,DZ,Algiers,ALG
327,Djanet Inedbirene Airport,DZ,Djanet,DJG
328,Illizi Takhamalt Airport,DZ,Illizi,VVZ
329,Ain Arnat Airport,DZ,S√©tif,QSF
330,Aguenar ‚Äì Hadj Bey Akhamok Airport,DZ,Tamanrasset,TMR
331,Jijel Ferhat Abbas Airport,DZ,Tahir,GJL
332,Mecheria Airport,DZ,Mecheria,MZW
333,Annaba Rabah Bitat Airport,DZ,Annaba,AAE
334,Mohamed Boudiaf International Airport,DZ,Constantine,CZL
335,Cheikh Larbi T√©bessi Airport,DZ,T√©bessi,TEE
336,Batna Mostefa Ben Boulaid Airport,DZ,Batna,BLJ
337,Hassi R'Mel Airport,DZ,Hassi R'Mel,HRM
338,Abdelhafid Boussouf Bou Chekif Airport,DZ,Tiaret,TID
339,Tindouf Airport,DZ,Tindouf,TIN
340,Chlef Aboubakr Belkaid International Airport,DZ,Chlef,CFK
341,Oran Tafraoui Airport,DZ,Tafraoui,TAF
342,Zenata ‚Äì Messali El Hadj Airport,DZ,Zenata,TLM
343,Oran Es-S√©nia (Ahmed Ben Bella) International Airport,DZ,Es-S√©nia,ORN
344,B√©char Boudghene Ben Ali Lotfi Airport,DZ,B√©char,CBH
345,Ghriss Airport,DZ,Ghriss,MUW
346,Touat Cheikh Sidi Mohamed Belkebir Airport,DZ,Adrar,AZR
347,Biskra - Mohamed Khider Airport,DZ,Biskra,BSK
348,El Golea Airport,DZ,El Menia,ELG
349,Noum√©rat - Moufdi Zakaria Airport,DZ,El Atteuf,GHA
350,Hassi Messaoud-Oued Irara Krim Belkacem Airport,DZ,Hassi Messaoud,HME
351,In Salah Airport,DZ,In Salah,INZ
352,Touggourt Sidi Madhi Airport,DZ,Touggourt,TGR
353,Laghouat - Molay Ahmed Medeghri Airport,DZ,Laghouat,LOO
354,Guemar Airport,DZ,Guemar,ELU
355,Timimoun Airport,DZ,Timimoun,TMX
356,Ain Beida Airport,DZ,Ouargla,OGX
357,Zarzaitine - In Am√©nas Airport,DZ,In Am√©nas,IAM
358,Cadjehoun Airport,BJ,Cotonou,COO
359,Baicheng Chang'an Airport,CN,Baicheng,DBC
360,Ouagadougou Airport,BF,Ouagadougou,OUA
361,Bobo Dioulasso Airport,BF,Bobo Dioulasso,BOY
362,Kotoka International Airport,GH,Accra,ACC
363,Tamale Airport,GH,Tamale,TML
364,Kumasi Airport,GH,Kumasi,KMS
365,Sunyani Airport,GH,Sunyani,NYI
366,Takoradi Airport,GH,Sekondi-Takoradi,TKD
367,F√©lix-Houphou√´t-Boigny International Airport,CI,Abidjan,ABJ
368,Bouak√© Airport,CI,Bouak√©,BYK
369,Korhogo Airport,CI,Korhogo,HGO
370,Yamoussoukro Airport,CI,Yamoussoukro,ASK
371,Nnamdi Azikiwe International Airport,NG,Abuja,ABV
372,Akwa Ibom International Airport,NG,Uyo,QUO
373,Akure Airport,NG,Akure,AKR
374,Asaba International Airport,NG,Asaba,ABB
375,Sir Abubakar Tafawa Balewa International Airport,NG,Bauchi,BCU
376,Benin Airport,NG,Benin,BNI
377,Margaret Ekpo International Airport,NG,Calabar,CBQ
378,Akanu Ibiam International Airport,NG,Enegu,ENU
379,Gusau Airport,NG,Gusau,QUS
380,Ibadan Airport,NG,Ibadan,IBA
381,Ilorin International Airport,NG,Ilorin,ILR
382,Sam Mbakwe International Airport,NG,Owerri,QOW
383,Yakubu Gowon Airport,NG,Jos,JOS
384,Kaduna Airport,NG,Kaduna,KAD
385,Mallam Aminu International Airport,NG,Kano,KAN
386,Maiduguri International Airport,NG,Maiduguri,MIU
387,Makurdi Airport,NG,Makurdi,MDI
388,Murtala Muhammed International Airport,NG,Lagos,LOS
389,Minna Airport,NG,Minna,MXJ
390,Port Harcourt International Airport,NG,Port Harcourt,PHC
391,Sadiq Abubakar III International Airport,NG,Sokoto,SKO
392,Yola Airport,NG,Yola,YOL
393,Zaria Airport,NG,Zaria,ZAR
394,Maradi Airport,NE,Maradi,MFQ
395,Diori Hamani International Airport,NE,Niamey,NIM
396,Tahoua Airport,NE,Tahoua,THZ
397,Mano Dayak International Airport,NE,Agadez,AJY
398,Zinder Airport,NE,Zinder,ZND
399,Tabarka-A√Øn Draham International Airport,TN,Tabarka,TBJ
400,Monastir Habib Bourguiba International Airport,TN,Monastir,MIR
401,Enfidha - Hammamet International Airport,TN,Enfidha,NBE
402,Tunis Carthage International Airport,TN,Tunis,TUN
403,Gafsa Ksar International Airport,TN,Gafsa,GAF
404,Gab√®s Matmata International Airport,TN,Gab√®s,GAE
405,Djerba Zarzis International Airport,TN,Mellita,DJE
406,El Borma Airport,TN,El Borma,EBM
407,Sfax Thyna International Airport,TN,Sfax,SFA
408,Tozeur Nefta International Airport,TN,Tozeur,TOE
409,Niamtougou International Airport,TG,Niamtougou,LRL
410,Lom√©‚ÄìTokoin International Airport,TG,Lom√©,LFW
411,Dazhou Jinya Airport,CN,Dazhou (Dachuan),DZH
412,Antwerp International Airport (Deurne),BE,Antwerp,ANR
413,Brussels Airport,BE,Zaventem,BRU
414,Brussels South Charleroi Airport,BE,Charleroi,CRL
415,Flanders International Airport Kortrijk-Wevelgem,BE,Wevelgem,KJK
416,Li√®ge Airport,BE,Gr√¢ce-Hollogne,LGG
417,Oostende-Brugge International Airport,BE,Oostende,OST
418,Leipzig‚ÄìAltenburg Airport,DE,Nobitz,AOC
419,Heringsdorf Airport,DE,Zirchow,HDF
420,Neubrandenburg Trollenhagen Airport,DE,Trollenhagen,FNB
421,Berlin Brandenburg Airport,DE,Berlin,BER
422,Dresden Airport,DE,Dresden,DRS
423,Erfurt-Weimar Airport,DE,Erfurt,ERF
424,Frankfurt Airport,DE,Frankfurt am Main,FRA
425,M√ºnster Osnabr√ºck Airport,DE,Greven,FMO
426,Hamburg Helmut Schmidt Airport,DE,Hamburg,HAM
427,Cologne Bonn Airport,DE,K√∂ln (Cologne),CGN
428,D√ºsseldorf Airport,DE,D√ºsseldorf,DUS
429,Munich Airport,DE,Munich,MUC
430,Nuremberg Airport,DE,Nuremberg,NUE
431,Leipzig/Halle Airport,DE,Schkeuditz,LEJ
432,Saarbr√ºcken Airport,DE,Saarbr√ºcken,SCN
433,Stuttgart Airport,DE,Stuttgart,STR
434,Hannover Airport,DE,Hannover,HAJ
435,Bremen Airport,DE,Bremen,BRE
436,Frankfurt-Hahn Airport,DE,Frankfurt am Main (Lautzenhausen),HHN
437,Mannheim-City Airport,DE,Mannheim,MHG
438,Eisenach-Kindel Airport,DE,H√∂rselberg-Hainich,EIB
439,Siegerland Airport,DE,Burbach,SGE
440,Hamburg-Finkenwerder Airport,DE,Hamburg,XFW
441,Kiel-Holtenau Airport,DE,Kiel,KEL
442,L√ºbeck Blankensee Airport,DE,L√ºbeck,LBC
443,Memmingen Allgau Airport,DE,Memmingen,FMM
444,M√∂nchengladbach Airport,DE,M√∂nchengladbach,MGL
445,Paderborn Lippstadt Airport,DE,B√ºren,PAD
446,Weeze Airport,DE,Weeze,NRN
447,Dortmund Airport,DE,Dortmund,DTM
448,Augsburg Airport,DE,Augsburg,AGB
449,Oberpfaffenhofen Airport,DE,We√üling,OBF
450,Friedrichshafen Airport,DE,Friedrichshafen,FDH
451,Bayreuth Airport,DE,Bindlach,BYU
452,Hof-Plauen Airport,DE,Hof,HOQ
453,Karlsruhe Baden-Baden Airport,DE,Rheinm√ºnster,FKB
454,Lahr Airport,DE,Lahr/Schwarzwald,LHA
455,Braunschweig-Wolfsburg Airport,DE,Braunschweig,BWE
456,Kassel Airport,DE,Calden,KSF
457,Westerland Sylt Airport,DE,Sylt,GWT
458,K√§rdla Airport,EE,K√§rdla,KDL
459,Kuressaare Airport,EE,Kuressaare,URE
460,P√§rnu Airport,EE,P√§rnu,EPU
461,Berenice International Airport / Banas Cape Air Base,EG,Berenice Troglodytica,EES
462,Lennart Meri Tallinn Airport,EE,Tallinn,TLL
463,Tartu Airport,EE,Tartu,TAY
464,Enontekio Airport,FI,Enontekio,ENF
465,Halli Airport,FI,J√§ms√§,KEV
466,Helsinki Vantaa Airport,FI,Helsinki,HEL
467,Kitee Airport,FI,Kitee,KTQ
468,Ivalo Airport,FI,Ivalo,IVL
469,Joensuu Airport,FI,Joensuu,JOE
470,Jyv√§skyl√§ Airport,FI,Jyv√§skyl√§n Maalaiskunta,JYV
471,Kauhava Airfield,FI,Kauhava,KAU
472,Kemi-Tornio Airport,FI,Kemi / Tornio,KEM
473,Kajaani Airport,FI,Kajaani,KAJ
474,Kokkola-Pietarsaari Airport,FI,Kokkola / Kruunupyy,KOK
475,Kuusamo Airport,FI,Kuusamo,KAO
476,Kittil√§ Airport,FI,Kittil√§,KTT
477,Kuopio Airport,FI,Kuopio / Siilinj√§rvi,KUO
478,Lappeenranta Airport,FI,Lappeenranta,LPP
479,Mariehamn Airport,FI,Mariehamn,MHQ
480,Mikkeli Airport,FI,Mikkeli,MIK
481,Oulu Airport,FI,Oulu / Oulunsalo,OUL
482,Pori Airport,FI,Pori,POR
483,Rovaniemi Airport,FI,Rovaniemi,RVN
484,Savonlinna Airport,FI,Savonlinna,SVL
485,Sein√§joki Airport,FI,Sein√§joki / Ilmajoki,SJY
486,Sodankyla Airport,FI,Sodankyla,SOT
487,Tampere-Pirkkala Airport,FI,Tampere / Pirkkala,TMP
488,Turku Airport,FI,Turku,TKU
489,Utti Air Base,FI,Utti / Valkeala,UTI
490,Vaasa Airport,FI,Vaasa,VAA
491,Varkaus Airport,FI,Varkaus / Joroinen,VRK
492,Belfast International Airport,GB,Belfast,BFS
493,Enniskillen/St Angelo Airport,GB,Enniskillen,ENK
494,George Best Belfast City Airport,GB,Belfast,BHD
495,City of Derry Airport,GB,Derry,LDY
496,Birmingham Airport,GB,"Birmingham, West Midlands",BHX
497,Coventry Airport,GB,"Coventry, West Midlands",CVT
498,Gloucestershire Airport,GB,Staverton,GLO
499,Nottingham Airport,GB,Nottingham,NQT
500,Manchester Airport,GB,"Manchester, Greater Manchester",MAN
501,RNAS Yeovilton,GB,"Yeovil, Somerset",YEO
502,Campbeltown Airport,GB,Campbeltown,CAL
503,Eday Airport,GB,Eday,EOI
504,Haverfordwest Airport,GB,Haverfordwest,HAW
505,Cardiff International Airport,GB,"Rhoose, Vale of Glamorgan",CWL
506,Swansea Airport,GB,Swansea,SWS
507,Bristol Airport,GB,Bristol,BRS
508,Liverpool John Lennon Airport,GB,Liverpool,LPL
509,London Luton Airport,GB,"Luton, Bedfordshire",LTN
510,Bournemouth Airport,GB,"Christchurch, Dorset",BOH
511,Southampton Airport,GB,Southampton,SOU
512,Cornwall Airport Newquay,GB,Newquay,NQY
513,Alderney Airport,GG,Saint Anne,ACI
514,Guernsey Airport,GG,Saint Peter Port,GCI
515,Jersey Airport,JE,Saint Helier,JER
516,Brighton City Airport,GB,"Brighton, East Sussex",ESH
517,London Biggin Hill Airport,GB,London,BQH
518,London Gatwick Airport,GB,"Gatwick, Surrey",LGW
519,London City Airport,GB,London,LCY
520,Farnborough Airport,GB,"Farnborough, Hampshire",FAB
521,Blackbushe Airport,GB,"Camberley, Surrey",BBS
522,London Heathrow Airport,GB,London,LHR
523,London Southend Airport,GB,"Southend-on-Sea, Essex",SEN
524,Lydd London Ashford Airport,GB,"Romney Marsh, Kent",LYX
525,Carlisle Lake District Airport,GB,Carlisle,CAX
526,Blackpool International Airport,GB,Blackpool,BLK
527,Humberside Airport,GB,"Grimsby, Lincolnshire",HUY
528,Barrow Walney Island Airport,GB,Barrow-in-Furness,BWF
529,Leeds Bradford Airport,GB,"Leeds, West Yorkshire",LBA
530,Warton Aerodrome,GB,Warton,WRT
531,Hawarden Airport,GB,Broughton,CEG
532,Isle of Man Airport,IM,Castletown,IOM
533,Newcastle International Airport,GB,"Newcastle upon Tyne, Tyne and Wear",NCL
534,Teesside International Airport,GB,"Darlington, Durham",MME
535,East Midlands Airport,GB,Nottingham,EMA
536,Anglesey Airport,GB,Angelsey,VLY
537,Kirkwall Airport,GB,Orkney Islands,KOI
538,Sumburgh Airport,GB,Lerwick,LSI
539,Wick Airport,GB,Wick,WIC
540,Aberdeen Dyce Airport,GB,Aberdeen,ABZ
541,Inverness Airport,GB,Inverness,INV
542,Glasgow International Airport,GB,"Paisley, Renfrewshire",GLA
543,Edinburgh Airport,GB,Edinburgh,EDI
544,Islay Airport,GB,"Isle of Islay, Argyll and Bute",ILY
545,Glasgow Prestwick Airport,GB,"Prestwick, South Ayrshire",PIK
546,Benbecula Airport,GB,Balivanich,BEB
547,Dundee Airport,GB,Dundee,DND
548,Stornoway Airport,GB,"Stornoway, Western Isles",SYY
549,Barra Airport,GB,Eoligarry,BRR
550,Tiree Airport,GB,Balemartine,TRE
551,Leuchars Station Airfield,GB,"Leuchars, Fife",ADX
552,RAF Lossiemouth,GB,Lossiemouth,LMO
553,Cambridge City Airport,GB,"Cambridge, Cambridgeshire",CBG
554,Norwich Airport,GB,"Norwich, Norfolk",NWI
555,London Stansted Airport,GB,London,STN
556,Exeter International Airport,GB,"Exeter, Devon",EXT
557,Oxford (Kidlington) Airport,GB,"Kidlington, Oxfordshire",OXF
558,RAF Benson,GB,"Wallingford, Oxfordshire",BEX
559,RAF Lakenheath,GB,"Brandon, Suffolk",LKZ
560,RAF Mildenhall,GB,"Bury Saint Edmunds, Suffolk",MHZ
561,RAF Fairford,GB,"Fairford, Gloucestershire",FFD
562,RAF Brize Norton,GB,"Carterton, Oxfordshire",BZZ
563,RAF Odiham,GB,"Hook, Hampshire",ODH
564,RAF Northolt,GB,London,NHT
565,RAF Coningsby,GB,"Lincoln, Lincolnshire",QCY
566,RAF Honington,GB,"Bury Saint Edmunds, Suffolk",BEQ
567,RAF Waddington,GB,"Lincoln, Lincolnshire",WTN
568,RAF Marham,GB,"King's Lynn, Norfolk",KNF
569,Mount Pleasant Airport,FK,Mount Pleasant,MPN
570,Amsterdam Airport Schiphol,NL,Amsterdam,AMS
571,Maastricht Aachen Airport,NL,Maastricht,MST
572,Eindhoven Airport,NL,Eindhoven,EIN
573,Groningen Airport Eelde,NL,Groningen,GRQ
574,Gilze Rijen Air Base,NL,Rijen,GLZ
575,De Kooy Airfield / Den Helder Naval Air Station,NL,Den Helder,DHR
576,Lelystad Airport,NL,Lelystad,LEY
577,Leeuwarden Air Base,NL,Leeuwarden,LWR
578,Rotterdam The Hague Airport,NL,Rotterdam,RTM
579,Twente Airport,NL,Enschede,ENS
580,Ezhou Huahu Airport,CN,Ezhou,EHU
581,Volkel Air Base,NL,Uden,UDE
582,Woensdrecht Air Base,NL,Hoogerheide,WOE
583,Cork Airport,IE,Cork,ORK
584,Galway Airport,IE,Galway,GWY
585,Donegal Airport,IE,Donegal,CFN
586,Dublin Airport,IE,Dublin,DUB
587,Ireland West Knock Airport,IE,Charlestown,NOC
588,Kerry Airport,IE,Killarney,KIR
589,Shannon Airport,IE,Shannon,SNN
590,Sligo Airport,IE,Sligo,SXL
591,Waterford Airport,IE,Waterford,WAT
592,Aarhus Airport,DK,Aarhus,AAR
593,Billund Airport,DK,Billund,BLL
594,Copenhagen Kastrup Airport,DK,Copenhagen,CPH
595,Esbjerg Airport,DK,Esbjerg,EBJ
596,Midtjyllands Airport / Air Base Karup,DK,Karup,KRP
597,Lolland Falster Maribo Airport,DK,R√∏dby,MRW
598,Odense Hans Christian Andersen Airport,DK,Odense,ODE
599,Copenhagen Roskilde Airport,DK,Roskilde,RKE
600,Bornholm Airport,DK,R√∏nne,RNN
601,S√∏nderborg Airport,DK,S√∏nderborg,SGD
602,Sindal Airport,DK,Sindal,CNL
603,Skrydstrup Air Base,DK,Vojens,SKS
604,Skive Airport,DK,Skive,SQW
605,Thisted Airport,DK,Thisted,TED
606,V√°gar Airport,FO,V√°gar,FAE
607,Stauning Vestjylland  Airport,DK,Skjern,STA
608,Aalborg Airport,DK,Aalborg,AAL
609,Luxembourg-Findel International Airport,LU,Luxembourg,LUX
610,"√Ölesund Airport, Vigra",NO,√Ölesund,AES
611,"And√∏ya Airport, Andenes",NO,Andenes,ANX
612,Alta Airport,NO,Alta,ALF
613,"Br√∏nn√∏ysund Airport, Br√∏nn√∏y",NO,Br√∏nn√∏y,BNN
614,Bod√∏ Airport,NO,Bod√∏,BOO
615,"Bergen Airport, Flesland",NO,Bergen,BGO
616,B√•tsfjord Airport,NO,B√•tsfjord,BJF
617,Berlev√•g Airport,NO,Berlev√•g,BVG
618,"Kristiansand Airport, Kjevik",NO,Kjevik,KRS
619,Bardufoss Airport,NO,M√•lselv,BDU
620,"Harstad/Narvik Airport, Evenes",NO,Evenes,EVE
621,"Fagernes Airport, Leirin",NO,Fagernes,VDB
622,Flor√∏ Airport,NO,Flor√∏,FRO
623,"Oslo Airport, Gardermoen",NO,Oslo,OSL
624,"Haugesund Airport, Karm√∏y",NO,Karm√∏y,HAU
625,Hammerfest Airport,NO,Hammerfest,HFT
626,"Honningsv√•g Airport, Valan",NO,Honningsv√•g,HVG
627,"Kristiansund Airport, Kvernberget",NO,Kvernberget,KSU
628,"Kirkenes Airport, H√∏ybuktmoen",NO,Kirkenes,KKN
629,Leknes Airport,NO,Leknes,LKN
630,Mehamn Airport,NO,Mehamn,MEH
631,"Molde Airport, √Ör√∏",NO,√Ör√∏,MOL
632,"Mosj√∏en Airport, Kj√¶rstad",NO,Mosj√∏en,MJF
633,"Lakselv Airport, Banak",NO,Lakselv,LKL
634,Notodden Airport,NO,Notodden,NTB
635,√òrland Airport,NO,√òrland,OLA
636,"√òrsta-Volda Airport, Hovden",NO,√òrsta,HOV
637,"Mo i Rana Airport, R√∏ssvoll",NO,Mo i Rana,MQN
638,"R√∏rvik Airport, Ryum",NO,R√∏rvik,RVK
639,R√∏ros Airport,NO,R√∏ros,RRS
640,"Moss Airport, Rygge",NO,Oslo,RYG
641,"Svalbard Airport, Longyear",NO,Longyearbyen,LYR
642,"Svolv√¶r Airport, Helle",NO,Svolv√¶r,SVJ
643,"Stokmarknes Airport, Skagen",NO,Hadsel,SKN
644,Skien Airport,NO,Geiteryggen,SKE
645,"Stord Airport, S√∏rstokken",NO,Leirvik,SRP
646,S√∏rkjosen Airport,NO,S√∏rkjosen,SOJ
647,"Vard√∏ Airport, Svartnes",NO,Vard√∏,VAW
648,"Sandnessj√∏en Airport, Stokka",NO,Alstahaug,SSJ
649,"Troms√∏ Airport, Langnes",NO,Troms√∏,TOS
650,"Sandefjord Airport, Torp",NO,Torp,TRF
651,"Trondheim Airport, V√¶rnes",NO,Trondheim,TRD
652,Vads√∏ Airport,NO,Vads√∏,VDS
653,Yan'an Nanniwan Airport,CN,Yan'an (Baota),ENY
654,"Stavanger Airport, Sola",NO,Stavanger,SVG
655,Bydgoszcz Ignacy Jan Paderewski Airport,PL,Bia≈Çe B≈Çota,BZG
656,Gda≈Ñsk Lech Wa≈Çƒôsa Airport,PL,Gda≈Ñsk,GDN
657,Krak√≥w John Paul II International Airport,PL,Balice,KRK
658,Katowice Wojciech Korfanty International Airport,PL,O≈ºarowice,KTW
659,Lublin Airport,PL,Lublin,LUZ
660,≈Å√≥d≈∫ W≈Çadys≈Çaw Reymont Airport,PL,≈Å√≥d≈∫,LCJ
661,Modlin Airport,PL,Nowy Dw√≥r Mazowiecki,WMI
662,Pozna≈Ñ-≈Åawica Airport,PL,Pozna≈Ñ,POZ
663,Warsaw Radom Airport,PL,Radom,RDO
664,Rzesz√≥w-Jasionka Airport,PL,Jasionka,RZE
665,Solidarity Szczecin‚ÄìGoleni√≥w Airport,PL,Glewice,SZZ
666,Olsztyn-Mazury Airport,PL,Szymany,SZY
667,Warsaw Chopin Airport,PL,Warsaw,WAW
668,Copernicus Wroc≈Çaw Airport,PL,Wroc≈Çaw,WRO
669,Zielona G√≥ra-Babimost Airport,PL,Nowe Kramsko,IEG
670,Ronneby Airport,SE,Ronneby,RNB
671,G√∂teborg Landvetter Airport,SE,G√∂teborg,GOT
672,J√∂nk√∂ping Airport,SE,J√∂nk√∂ping,JKG
673,S√§ve Airport,SE,G√∂teborg,GSE
674,Sk√∂vde Airport,SE,Sk√∂vde,KVB
675,Trollh√§ttan-V√§nersborg Airport,SE,Trollh√§ttan,THN
676,Mora Airport,SE,Mora,MXX
677,Stockholm Skavsta Airport,SE,Nyk√∂ping,NYO
678,Scandinavian Mountains Airport,SE,Malung-S√§len,SCR
679,Kristianstad Airport,SE,Kristianstad,KID
680,Kalmar Airport,SE,Kalmar,KLR
681,Malm√∂ Sturup Airport,SE,Malm√∂,MMX
682,Halmstad Airport,SE,Halmstad,HAD
683,V√§xj√∂ Kronoberg Airport,SE,V√§xj√∂,VXO
684,G√§llivare Airport,SE,G√§llivare,GEV
685,Kramfors-Sollefte√• H√∂ga Kusten Airport,SE,Nyland,KRF
686,Lycksele Airport,SE,Lycksele,LYC
687,Sundsvall-H√§rn√∂sand Airport,SE,Sundsvall/ H√§rn√∂sand,SDL
688,√ñrnsk√∂ldsvik Airport,SE,√ñrnsk√∂ldsvik,OER
689,Kiruna Airport,SE,Kiruna,KRN
690,Skellefte√• Airport,SE,Skellefte√•,SFT
691,Ume√• Airport,SE,Ume√•,UME
692,Vilhelmina South Lapland Airport,SE,Vilhelmina,VHM
693,Arvidsjaur Airport,SE,Arvidsjaur,AJR
694,S√∂derhamn Airport,SE,S√∂derhamn,SOO
695,√Öre √ñstersund Airport,SE,√ñstersund,OSD
696,√ñrebro Airport,SE,√ñrebro,ORB
697,Karlstad Airport,SE,Karlstad,KSD
698,Stockholm V√§ster√•s Airport,SE,Stockholm / V√§ster√•s,VST
699,Lule√• Airport,SE,Lule√•,LLA
700,Stockholm-Arlanda Airport,SE,Stockholm,ARN
701,Stockholm-Bromma Airport,SE,Stockholm,BMA
702,Dala Airport,SE,Borlange,BLE
703,G√§vle Sandviken Airport,SE,G√§vle / Sandviken,GVX
704,Link√∂ping City Airport,SE,Link√∂ping,LPI
705,Norrk√∂ping Airport,SE,Norrk√∂ping,NRK
706,Torsby Airport,SE,Torsby,TYF
707,Eskilstuna Airport,SE,Eskilstuna,EKT
708,Visby Airport,SE,Visby,VBY
709,√Ñngelholm-Helsingborg Airport,SE,√Ñngelholm,AGH
710,Storuman Airport,SE,Storuman,SQO
711,Spangdahlem Air Base,DE,Trier,SPM
712,Ramstein Air Base,DE,Ramstein-Miesenbach,RMS
713,Fritzlar Army Airfield,DE,Fritzlar,FRZ
714,Sea-Airport Cuxhaven/Nordholz / Nordholz Naval Airbase,DE,Wurster Nordseek√ºste,FCN
715,Geilenkirchen Air Base,DE,Geilenkirchen,GKE
716,Rostock-Laage Airport,DE,Laage,RLG
717,Schleswig Air Base,DE,Jagel,WBG
718,Wiesbaden Army Airfield,DE,Wiesbaden,WIE
719,Ingolstadt Manching Airport,DE,Manching,IGS
720,Daugavpils International Airport,LV,Daugavpils,DGP
721,LiepƒÅja International Airport,LV,LiepƒÅja,LPX
722,Riga International Airport,LV,Riga,RIX
723,Kaunas International Airport,LT,Kaunas,KUN
724,Palanga International Airport,LT,Palanga,PLQ
725,Panevƒó≈æys Air Base,LT,Panevƒó≈æys,PNV
726,≈†iauliai International Airport,LT,≈†iauliai,SQQ
727,Vilnius International Airport,LT,Vilnius,VNO
728,Alexander Bay Airport,ZA,Alexander Bay,ALJ
729,Aggeneys Airport,ZA,Aggeneys,AGZ
730,Bisho Airport,ZA,Bisho,BIY
731,Bram Fischer International Airport,ZA,Bloemfontain,BFN
732,Cape Town International Airport,ZA,Cape Town,CPT
733,Ben Schoeman Airport,ZA,East London,ELS
734,Ficksburg Sentraoes Airport,ZA,Ficksburg,FCB
735,Grand Central Airport,ZA,Midrand,GCJ
736,George Airport,ZA,George,GRJ
737,Rand Airport,ZA,Johannesburg,QRA
738,Harrismith Airport,ZA,Harrismith,HRS
739,P C Pelser Airport,ZA,Klerksdorp,KXE
740,Kimberley Airport,ZA,Kimberley,KIM
741,Kruger Mpumalanga International Airport,ZA,Mpumalanga,MQP
742,Johan Pienaar Airport,ZA,Kuruman,KMH
743,Kleinsee Airport,ZA,Kleinsee,KLZ
744,Lanseria International Airport,ZA,Johannesburg,HLA
745,Lime Acres Finsch Mine Airport,ZA,Lime Acres,LMR
746,King Shaka International Airport,ZA,Durban,DUR
747,Langebaanweg Airport,ZA,Langebaanweg,SDB
748,Ladysmith Airport,ZA,Ladysmith,LAY
749,Malamala Airport,ZA,Malamala,AAM
750,Margate Airport,ZA,Margate,MGH
751,Mmabatho International Airport,ZA,Mafeking,MBD
752,Mkuze Airport,ZA,Mkuze,MZQ
753,Newcastle Airport,ZA,Newcastle,NCS
754,Oudtshoorn Airport,ZA,Oudtshoorn,OUH
755,O.R. Tambo International Airport,ZA,Johannesburg,JNB
756,Chief Dawid Stuurman International Airport,ZA,Gqeberha (Port Elizabeth),PLZ
757,Plettenberg Bay Airport,ZA,Plettenberg Bay,PBZ
758,Hendrik Van Eck Airport,ZA,Phalaborwa,PHW
759,Port St Johns Airport,ZA,Port St Johns,JOH
760,Pietermaritzburg Airport,ZA,Pietermaritzburg,PZB
761,Polokwane International Airport,ZA,Polokwane,PTG
762,Potchefstroom Airport,ZA,Potchefstroom,PCF
763,Queenstown Airport,ZA,Queenstown,UTW
764,Richards Bay Airport,ZA,Richards Bay,RCB
765,Robertson Airport,ZA,Robertson,ROD
766,Springbok Airport,ZA,Springbok,SBU
767,Secunda Airport,ZA,Secunda,ZEC
768,Sishen Airport,ZA,Sishen,SIS
769,Skukuza Airport,ZA,Skukuza,SZK
770,Tzaneen Airport,ZA,Tzaneen,LTA
771,Prince Mangosuthu Buthelezi Airport,ZA,Ulundi,ULD
772,Pierre Van Ryneveld Airport,ZA,Upington,UTN
773,K. D. Matanzima Airport,ZA,Mthatha,UTT
774,Vryburg Airport,ZA,Vyrburg,VRU
775,Virginia Airport,ZA,Durban,VIR
776,Vredendal Airport,ZA,Vredendal,VRE
777,Wonderboom Airport,ZA,Pretoria,PRY
778,Waterkloof Air Force Base,ZA,Pretoria,WKF
779,P G Matante Intl,BW,Francistown,FRW
780,Jwaneng Airport,BW,Jwaneng,JWA
781,Kasane Airport,BW,Kasane,BBK
782,Maun Airport,BW,Maun,MUB
783,Sir Seretse Khama International Airport,BW,Gaborone,GBE
784,Sua Pan Airport,BW,Sowa,SXN
785,Selebi Phikwe Airport,BW,Selebi Phikwe,PKW
786,Maya-Maya Airport,CG,Brazzaville,BZV
787,Oyo Ollombo Airport,CG,Oyo,OLL
788,Owando Airport,CG,Owando,FTX
789,Ngot Nzoungou Airport,CG,Dolisie,DIS
790,Antonio Agostinho-Neto International Airport,CG,Pointe Noire,PNR
791,Matsapha Airport,SZ,Manzini,MTS
792,King Mswati III International Airport,SZ,Mpaka,SHO
793,Bangui M'Poko International Airport,CF,Bangui,BGF
794,Berb√©rati Airport,CF,Berb√©rati,BBT
795,Bata Airport,GQ,Bata,BSG
796,Malabo Airport,GQ,Malabo,SSG
797,RAF Ascension Island,SH,Cat Hill,ASI
798,Sir Seewoosagur Ramgoolam International Airport,MU,Plaine Magnien,MRU
799,Sir Charles Gaetan Duval Airport,MU,Port Mathurin,RRG
800,Diego Garcia Naval Support Facility,IO,Diego Garcia,NKW
801,Tiko Airport,CM,Tiko,TKC
802,Douala International Airport,CM,Douala,DLA
803,Salak Airport,CM,Maroua,MVR
804,Foumban Nkounja Airport,CM,Foumban,FOM
805,N'Gaound√©r√© Airport,CM,N'Gaound√©r√©,NGE
806,Garoua International Airport,CM,Garoua,GOU
807,Bafoussam Airport,CM,Bafoussam,BFX
808,Bamenda Airport,CM,Bamenda,BPC
809,Yaound√© Airport,CM,Yaound√©,YAO
810,Yaound√© Nsimalen International Airport,CM,Yaound√©,NSI
811,Kasompe Airport,ZM,Chingola,CGJ
812,Harry Mwanga Nkumbula International Airport,ZM,Livingstone,LVI
813,Kenneth Kaunda International Airport,ZM,Lusaka,LUN
814,Mfuwe Airport,ZM,Mfuwe,MFU
815,Mongu Airport,ZM,Mongu,MNR
816,Simon Mwansa Kapwepwe International Airport,ZM,Ndola,NLA
817,Southdowns Airport,ZM,Kitwe,KIW
818,Prince Said Ibrahim International Airport,KM,Moroni,HAH
819,Moh√©li Bandar Es Eslam Airport,KM,Fomboni,NWA
820,Ouani Airport,KM,Ouani,AJN
821,Dzaoudzi Pamandzi International Airport,YT,Dzaoudzi,DZA
822,Roland Garros Airport,RE,Sainte-Marie,RUN
823,Pierrefonds Airport,RE,Saint-Pierre,ZSE
824,Ivato Airport,MG,Antananarivo,TNR
825,Miandrivazo Airport,MG,Miandrivazo,ZVA
826,Sainte Marie Airport,MG,Vohilava,SMS
827,Toamasina Ambalamanasy Airport,MG,Toamasina,TMM
828,Morondava Airport,MG,Morondava,MOQ
829,Arrachart Airport,MG,Antisiranana,DIE
830,Mananara Nord Airport,MG,Mananara Nord,WMR
831,Antsirabe Airport,MG,Antsirabe,ANM
832,Analalava Airport,MG,Analalava,HVA
833,Amborovy Airport,MG,Mahajanga,MJN
834,Fascene Airport,MG,Nosy Be,NOS
835,Besalampy Airport,MG,Besalampy,BPY
836,Maroantsetra Airport,MG,Maroantsetra,WMN
837,Sambava Airport,MG,Sambava,SVB
838,Vohemar Airport,MG,Vohemar,VOH
839,Ambalabe Airport,MG,Antsohihy,WAI
840,T√¥lanaro Airport,MG,T√¥lanaro,FTU
841,Fianarantsoa Airport,MG,Fianarantsoa,WFI
842,Manakara Airport,MG,Manakara,WVK
843,Mananjary Airport,MG,Mananjary,MNJ
844,Morombe Airport,MG,Morombe,MXM
845,Toliara Airport,MG,Toliara,TLE
846,Mbanza Congo Airport,AO,Mbanza Congo,SSY
847,Benguela 17th of September Airport,AO,Benguela,BUG
848,Cabinda Airport,AO,Cabinda,CAB
849,Catumbela Airport,AO,Catumbela,CBT
850,Dundo Airport,AO,Chitato,DUE
851,Ngjiva Pereira Airport,AO,Ngiva,VPE
852,Nova Lisboa Airport,AO,Huambo,NOV
853,Kuito Airport,AO,Kuito,SVP
854,Quatro de Fevereiro International Airport,AO,Luanda,LAD
855,Malanje Airport,AO,Malanje,MEG
856,Menongue Airport,AO,Menongue,SPP
857,Welwitschia Mirabilis International Airport,AO,Mo√ß√¢medes,MSZ
858,Negage Airport,AO,Negage,GXG
859,Porto Amboim Airport,AO,Port Amboim,PBN
860,Saurimo Airport,AO,Saurimo,VHC
861,Soyo Airport,AO,Soyo,SZA
862,Sumbe Airport,AO,Sumbe,NDD
863,Lubango Airport,AO,Lubango,SDD
864,Luena Airport,AO,Luena,LUO
865,Uige Airport,AO,Uige,UGO
866,Xangongo Airport,AO,Xangongo,XGN
867,Koulamoutou Mabimbi Airport,GA,Koulamoutou,KOU
868,Mouilla Ville Airport,GA,Mouila,MJL
869,Oyem Airport,GA,Oyem,OYE
870,Okondja Airport,GA,Okondja,OKN
871,Lambarene Airport,GA,Lambarene,LBQ
872,Bitam Airport,GA,Bitam,BMM
873,Port Gentil Airport,GA,Port Gentil,POG
874,Omboue Hospital Airport,GA,Omboue,OMB
875,Makokou Airport,GA,Makokou,MKU
876,Libreville Leon M'ba International Airport,GA,Libreville,LBV
877,M'Vengue El Hadj Omar Bongo Ondimba International Airport,GA,Franceville,MVB
878,Principe Airport,ST,S√£o Tom√© & Pr√≠ncipe,PCP
879,S√£o Tom√© International Airport,ST,S√£o Tom√©,TMS
880,Beira Airport,MZ,Beira,BEW
881,Chimoio Airport,MZ,Chimoio,VPY
882,Inhambane Airport,MZ,Inhambane,INH
883,Lichinga Airport,MZ,Lichinga,VXC
884,Maputo Airport,MZ,Maputo,MPM
885,Mueda Airport,MZ,Mueda,MUD
886,Moc√≠mboa da Praia Airport,MZ,Moc√≠mboa da Praia,MZB
887,Nampula Airport,MZ,Nampula,APL
888,Pemba Airport,MZ,Pemba / Porto Amelia,POL
889,Quelimane Airport,MZ,Quelimane,UEL
890,Chingozi Airport,MZ,Tete,TET
891,Vilankulo Airport,MZ,Vilanculo,VNX
892,Seychelles International Airport,SC,Mahe Island,SEZ
893,Praslin Island Airport,SC,Praslin Island,PRI
894,Abeche Airport,TD,Abeche,AEH
895,Moundou Airport,TD,Moundou,MQQ
896,N'Djamena International Airport,TD,N'Djamena,NDJ
897,Faya-Largeau Airport,TD,Faya-Largeau,FYT
898,Joshua Mqabuko Nkomo International Airport,ZW,Bulawayo,BUQ
899,Buffalo Range Airport,ZW,Chiredzi,BFO
900,Victoria Falls International Airport,ZW,Victoria Falls,VFA
901,Robert Gabriel Mugabe International Airport,ZW,Harare,HRE
902,Kariba International Airport,ZW,Kariba,KAB
903,Masvingo International Airport,ZW,Masvingo,MVZ
904,Gweru - Thornhill Air Base,ZW,Gweru,GWE
905,Hwange National Park Airport,ZW,Hwange,HWN
906,Chileka International Airport,MW,Blantyre,BLZ
907,Dwangwa Airport,MW,Dwangwa,DWA
908,Karonga Airport,MW,Karonga,KGJ
909,Lilongwe International Airport,MW,Lilongwe,LLW
910,Mangochi Airport,MW,Mangochi,MAI
911,Mzuzu Airport,MW,Mzuzu,ZZU
912,Moshoeshoe I International Airport,LS,Maseru,MSU
913,Arandis Airport,NA,Arandis,ADI
914,Grootfontein Airport,NA,Grootfontein,GFY
915,Katima Mulilo Airport,NA,Mpacha,MPA
916,Keetmanshoop Airport,NA,Keetmanshoop,KMP
917,Luderitz Airport,NA,Luderitz,LUD
918,Ondangwa Airport,NA,Ondangwa,OND
919,Oranjemund Airport,NA,Oranjemund,OMD
920,Rundu Airport,NA,Rundu,NDU
921,Tsumeb Airport,NA,Tsumeb,TSB
922,Walvis Bay Airport,NA,Walvis Bay,WVB
923,Eros Airport,NA,Windhoek,ERS
924,Hosea Kutako International Airport,NA,Windhoek,WDH
925,Ndjili International Airport,CD,Kinshasa,FIH
926,Ndolo Airport,CD,N'dolo,NLO
927,Bandundu Airport,CD,Bandundu,FDU
928,Kikwit Airport,CD,Kikwit,KKW
929,Mbandaka Airport,CD,Mbandaka,MDK
930,Gbadolite Airport,CD,Gbadolite,BDT
931,Gemena Airport,CD,Gemena,GMA
932,Lisala Airport,CD,Lisala,LIQ
933,Bangoka International Airport,CD,Kisangani,FKI
934,Matari Airport,CD,Isiro,IRP
935,Bunia Airport,CD,Bunia,BUX
936,Buta Zega Airport,CD,Buta,BZU
937,Bukavu Kavumu Airport,CD,Kamakombe,BKY
938,Goma International Airport,CD,Goma,GOM
939,Kindu Airport,CD,Kindu,KND
940,Lubumbashi International Airport,CD,Lubumbashi,FBM
941,Kolwezi Airport,CD,Kolwezi,KWZ
942,Kalemie Airport,CD,Kalemie,FMI
943,Kananga Airport,CD,Kananga,KGA
944,Mbuji Mayi Airport,CD,Mbuji Mayi,MJM
945,Modibo Keita International Airport,ML,Bamako,BKO
946,Mopti Ambod√©djo International Airport,ML,S√©var√©,MZI
947,Timbuktu Airport,ML,Timbuktu,TOM
948,Banjul International Airport,GM,Banjul,BJL
949,Fuerteventura Airport,ES,El Matorral,FUE
950,El Hierro Airport,ES,El Hierro Island,VDE
951,La Palma Airport,ES,"Sta Cruz de la Palma, La Palma Island",SPC
952,Gran Canaria Airport,ES,Gran Canaria Island,LPA
953,C√©sar Manrique-Lanzarote Airport,ES,San Bartolom√©,ACE
954,Tenerife Sur Airport,ES,Tenerife,TFS
955,Tenerife Norte-Ciudad de La Laguna Airport,ES,Tenerife,TFN
956,Melilla Airport,ES,Melilla,MLN
957,Bo Airport,SL,Bo,KBS
958,Kenema Airport,SL,Kenema,KEN
959,Lungi International Airport,SL,Freetown (Lungi-Town),FNA
960,Yengema Airport,SL,Yengema,WYE
961,Osvaldo Vieira International Airport,GW,Bissau,OXB
962,Spriggs Payne Airport,LR,Monrovia,MLW
963,Roberts International Airport,LR,Monrovia,ROB
964,Al Massira Airport,MA,Agadir (Temsia),AGA
965,Tan Tan Airport,MA,Tan Tan,TTA
966,Bouarfa Airport,MA,Bouarfa,UAR
967,Fes Sa√Øss International Airport,MA,Sa√Øss,FEZ
968,Moulay Ali Cherif Airport,MA,Errachidia,ERH
969,Bassatine Airport,MA,Meknes,MEK
970,Oujda Angads Airport,MA,Ahl Angad,OUD
971,Smara Airport,EH,Smara,SMW
972,Rabat-Sal√© Airport,MA,Rabat,RBA
973,Dakhla Airport,EH,Dakhla,VIL
974,Essaouira-Mogador Airport,MA,Essaouira,ESU
975,Hassan I Airport,EH,El Aai√∫n,EUN
976,Mohammed V International Airport,MA,Casablanca,CMN
977,Nador Al Aaroui International Airport,MA,Al Aaroui,NDR
978,Menara Airport,MA,Marrakech,RAK
979,Kenitra Air Base,MA,Kenitra,NNA
980,Ouarzazate Airport,MA,Ouarzazate,OZZ
981,Golog Maq√™n Airport,CN,Golog (Maq√™n),GMQ
982,Cherif Al Idrissi Airport,MA,Al Hoceima,AHU
983,Sania Ramel Airport,MA,T√©touan,TTU
984,Tangier Ibn Battuta Airport,MA,Tangier,TNG
985,Blaise Diagne International Airport,SN,Dakar,DSS
986,Ziguinchor Airport,SN,Ziguinchor,ZIG
987,Cap Skirring Airport,SN,Cap Skirring,CSK
988,Kaolack Airport,SN,Kaolack,KLC
989,L√©opold S√©dar Senghor International Airport,SN,Dakar,DKR
990,Ouro Sogui Airport,SN,Ouro Sogui,MAX
991,Saint Louis Airport,SN,Saint Louis,XLS
992,Bakel Airport,SN,Bakel,BXE
993,K√©dougou Airport,SN,K√©dougou,KGG
994,Tambacounda Airport,SN,Tambacounda,TUD
995,Nouakchott‚ÄìOumtounsy International Airport,MR,Nouakchott,NKC
996,Atar International Airport,MR,Atar,ATR
997,Nouadhibou International Airport,MR,Nouadhibou,NDB
998,Conakry International Airport,GN,Conakry,CKY
999,Am√≠lcar Cabral International Airport,CV,Espargos,SID
1000,Rabil Airport,CV,Rabil,BVC
1001,Maio Airport,CV,Vila do Maio,MMO
1002,Nelson Mandela International Airport,CV,Praia,RAI
1003,Pregui√ßa Airport,CV,Pregui√ßa,SNE
1004,S√£o Pedro Airport,CV,S√£o Pedro,VXE
1005,Addis Ababa Bole International Airport,ET,Addis Ababa,ADD
1006,Arba Minch Airport,ET,Arba Minch,AMH
1007,Axum Airport,ET,Axum,AXU
1008,Bahir Dar Airport,ET,Bahir Dar,BJR
1009,Aba Tenna Dejazmach Yilma International Airport,ET,Dire Dawa,DIR
1010,Gambela Airport,ET,Gambela,GMB
1011,Gondar Airport,ET,Azezo,GDQ
1012,Gode Airport,ET,Gode,GDE
1013,Harar Meda Airport,ET,Debre Zeyit,QHR
1014,Wilwal International Airport,ET,Jijiga,JIJ
1015,Jimma Airport,ET,Jimma,JIM
1016,Kebri Dahar Airport,ET,Kebri Dahar,ABK
1017,Hawassa International Airport,ET,Hawassa,AWA
1018,Alula Aba Nega Airport,ET,Mekelle,MQX
1019,Asosa Airport,ET,Asosa,ASO
1020,Bujumbura Melchior Ndadaye International Airport,BI,Bujumbura,BJM
1021,Egal International Airport,SO,Hargeisa,HGA
1022,Berbera Airport,SO,Berbera,BBO
1023,Kismayo Airport,SO,Kismayo,KMU
1024,Aden Adde International Airport,SO,Mogadishu,MGQ
1025,Djibouti-Ambouli Airport,DJ,Djibouti City,JIB
1026,Bardawil International Airport,EG,El Hassana,RDL
1027,El Alamein International Airport,EG,El Alamein,DBB
1028,El Arish International Airport,EG,El Arish,AAC
1029,Asyut International Airport,EG,Asyut,ATZ
1030,Borj El Arab International Airport,EG,Alexandria,HBE
1031,Abu Simbel Airport,EG,Abu Simbel,ABS
1032,Cairo International Airport,EG,Cairo,CAI
1033,Capital International Airport,EG,New Cairo,CCE
1034,Hurghada International Airport,EG,Hurghada,HRG
1035,El Jora Airport,EG,El Jora,EGH
1036,Luxor International Airport,EG,Luxor,LXR
1037,Marsa Alam International Airport,EG,Marsa Alam,RMF
1038,Marsa Matruh International Airport,EG,Marsa Matruh,MUH
1039,Port Said International Airport,EG,Port Said,PSD
1040,Saint Catherine International Airport,EG,Saint Catherine,SKV
1041,Suhaj Mubarak International Airport,EG,Suhaj,HMB
1042,Sharm El Sheikh International Airport,EG,Sharm El Sheikh,SSH
1043,Aswan International Airport,EG,Aswan,ASW
1044,Sphinx International Airport,EG,Al Jiza,SPX
1045,Taba International Airport,EG,Taba,TCP
1046,Asmara International Airport,ER,Asmara,ASM
1047,Massawa International Airport,ER,Massawa,MSW
1048,Assab International Airport,ER,Asab,ASA
1049,Huai'an Lianshui International Airport,CN,Huai'an,HIA
1050,Juba International Airport,SS,Juba,JUB
1051,Amboseli Airport,KE,Amboseli National Park,ASV
1052,Eldoret International Airport,KE,Eldoret,EDL
1053,Jomo Kenyatta International Airport,KE,Nairobi,NBO
1054,Kisumu Airport,KE,Kisumu,KIS
1055,Kitale Airport,KE,Kitale,KTL
1056,Lokichoggio Airport,KE,Lokichoggio,LKG
1057,Lodwar Airport,KE,Lodwar,LOK
1058,Manda Airport,KE,Lamu,LAU
1059,Malindi Airport,KE,Malindi,MYD
1060,Moi International Airport,KE,Mombasa,MBA
1061,Mara Serena Lodge Airstrip,KE,Masai Mara,MRE
1062,Nairobi Wilson Airport,KE,Nairobi,WIL
1063,Nanyuki Airport,KE,Nanyuki,NYK
1064,Wajir Airport,KE,Wajir,WJR
1065,Sirt International Airport / Ghardabiya Airbase,LY,Sirt,SRX
1066,Ghat Airport,LY,Ghat,GHT
1067,Kufra Airport,LY,Kufra,AKF
1068,Benina International Airport,LY,Benina,BEN
1069,Mitiga International Airport,LY,Tripoli,MJI
1070,Al Abraq International Airport,LY,Al Albraq,LAQ
1071,Sabha Airport,LY,Sabha,SEB
1072,Marsa al Brega Airport,LY,Marsa al Brega,LMQ
1073,Ghadames East Airport,LY,Ghadames,LTD
1074,Gisenyi Airport,RW,Gisenyi,GYI
1075,Kigali International Airport,RW,Kigali,KGL
1076,Kamembe Airport,RW,Kamembe,KME
1077,Dongola Airport,SD,Dongola,DOG
1078,El Fasher Airport,SD,El Fasher,ELF
1079,Kassala Airport,SD,Kassala,KSL
1080,Merowe Airport,SD,Merowe,MWE
1081,Nyala Airport,SD,Nyala,UYL
1082,El-Obeid Airport,SD,El-Obeid,EBD
1083,Port Sudan New International Airport,SD,Port Sudan,PZU
1084,Khartoum International Airport,SD,Khartoum,KRT
1085,Malakal Airport,SS,Malakal,MAK
1086,Wau Airport,SS,Wau,WUU
1087,Arusha Airport,TZ,Arusha,ARK
1088,Julius Nyerere International Airport,TZ,Dar es Salaam,DAR
1089,Dodoma Airport,TZ,Dodoma,DOD
1090,Songwe Airport,TZ,Mbeya,MBI
1091,Iringa Airport,TZ,Nduli,IRI
1092,Kilimanjaro International Airport,TZ,Arusha,JRO
1093,Lake Manyara Airport,TZ,Lake Manyara National Park,LKY
1094,Mtwara Airport,TZ,Mtwara,MYW
1095,Mwanza Airport,TZ,Mwanza,MWZ
1096,Pemba Airport,TZ,Chake Chake,PMA
1097,Tanga Airport,TZ,Tanga,TGT
1098,Abeid Amani Karume International Airport,TZ,Zanzibar,ZNZ
1099,Arua Airport,UG,Arua,RUA
1100,Entebbe International Airport,UG,Kampala,EBB
1101,Gulu Airport,UG,Gulu,ULU
1102,Soroti Airport,UG,Soroti,SRT
1103,Chengdu Huaizhou Airport,CN,Chengdu (Jintang),HZU
1104,Indigo Bay Lodge Airport,MZ,Bazaruto Island,IBL
1105,Sangia Nibandera Airport,ID,Kolaka,KXB
1106,Dhoho International Airport,ID,Kediri,DHX
1107,Namniwel Airport,ID,Namniwel,NAM
1108,Tebelian Airport,ID,Sintang,SQG
1109,Bilogai-Sugapa Airport,ID,Sugapa,UGU
1110,Ayodhya Airport,IN,Faizabad,AYJ
1111,Navi Mumbai International Airport,IN,Navi Mumbai,NMI
1112,Manohar International Airport,IN,Mopa,GOX
1113,Rashtrakavi Kuvempu Airport,IN,Shimoga,RQY
1114,Itanagar Donyi Polo Hollongi Airport,IN,Hollongi,HGI
1115,New Ishigaki Airport,JP,Ishigaki,ISG
1116,Daxing'anling Elunchun Airport,CN,Jiagedaqi,JGD
1117,Qianjiang Wulingshan Airport,CN,Qianjiang,JIQ
1118,Comandante Ariston Pessoa Airport,BR,Cruz,JJD
1119,Jinzhou Bay Airport,CN,Jinzhou (Linghai),JNZ
1120,Boulder City Municipal Airport,US,Boulder City,BLD
1121,Mesquite International Airport,US,Mesquite,MFH
1122,Lehigh Valley International Airport,US,Allentown,ABE
1123,Abilene Regional Airport,US,Abilene,ABI
1124,Albuquerque International Sunport,US,Albuquerque,ABQ
1125,Aberdeen Regional Airport,US,Aberdeen,ABR
1126,Southwest Georgia Regional Airport,US,Albany,ABY
1127,Nantucket Memorial Airport,US,Nantucket,ACK
1128,Waco Regional Airport,US,Waco,ACT
1129,California Redwood Coast-Humboldt County Airport,US,Arcata/Eureka,ACV
1130,Atlantic City International Airport,US,Atlantic City,ACY
1131,Ada Regional Airport,US,Ada,ADT
1132,Joint Base Andrews,US,Camp Springs,ADW
1133,Alexandria International Airport,US,Alexandria,AEX
1134,Perot Field/Fort Worth Alliance Airport,US,Fort Worth,AFW
1135,Allegheny County Airport,US,Pittsburgh,AGC
1136,Augusta Regional At Bush Field,US,Augusta,AGS
1137,Athens Ben Epps Airport,US,Athens,AHN
1138,Alliance Municipal Airport,US,Alliance,AIA
1139,Akron Fulton International Airport,US,Akron,AKC
1140,Albany International Airport,US,Albany,ALB
1141,Alice International Airport,US,Alice,ALI
1142,Alamogordo White Sands Regional Airport,US,Alamogordo,ALM
1143,St Louis Regional Airport,US,Alton/St Louis,ALN
1144,Waterloo Regional Airport,US,Waterloo,ALO
1145,San Luis Valley Regional Airport/Bergman Field,US,Alamosa,ALS
1146,Walla Walla Regional Airport,US,Walla Walla,ALW
1147,Rick Husband Amarillo International Airport,US,Amarillo,AMA
1148,Anniston Regional Airport,US,Anniston,ANB
1149,Anderson Regional Airport,US,Anderson,AND
1150,Altoona Blair County Airport,US,Altoona,AOO
1151,Centennial Airport,US,Denver,APA
1152,Naples Municipal Airport,US,Naples,APF
1153,Phillips Army Air Field,US,Aberdeen,APG
1154,Alpena County Regional Airport,US,Alpena,APN
1155,Acadiana Regional Airport,US,New Iberia,ARA
1156,Watertown International Airport,US,Watertown,ART
1157,Aspen-Pitkin County Airport (Sardy Field),US,Aspen,ASE
1158,Astoria Regional Airport,US,Astoria,AST
1159,Hartsfield Jackson Atlanta International Airport,US,Atlanta,ATL
1160,Appleton International Airport,US,Appleton,ATW
1161,Watertown Regional Airport,US,Watertown,ATY
1162,Augusta State Airport,US,Augusta,AUG
1163,Austin Bergstrom International Airport,US,Austin,AUS
1164,Wausau Downtown Airport,US,Wausau,AUW
1165,Asheville Regional Airport,US,Asheville,AVL
1166,Wilkes Barre Scranton International Airport,US,Wilkes-Barre/Scranton,AVP
1167,Chandler Field,US,Alexandria,AXN
1168,Kalamazoo Battle Creek International Airport,US,Kalamazoo,AZO
1169,Beale Air Force Base,US,Beale Air Force Base,BAB
1170,Barksdale Air Force Base,US,Bossier City,BAD
1171,Westfield-Barnes Regional Airport,US,Westfield,BAF
1172,Columbus Municipal Airport,US,Columbus,CLU
1173,Curtis Field,US,Brady,BBD
1174,Branson Airport,US,Branson,BKG
1175,Bryce Canyon Airport,US,Bryce Canyon,BCE
1176,Boca Raton Airport,US,Boca Raton,BCT
1177,Baudette International Airport,US,Baudette,BDE
1178,Bradley International Airport,US,Hartford,BDL
1179,Igor I Sikorsky Memorial Airport,US,Bridgeport,BDR
1180,Laurence G Hanscom Field,US,Bedford,BED
1181,Bradford Regional Airport,US,Bradford,BFD
1182,Western Neb. Rgnl/William B. Heilig Airport,US,Scottsbluff,BFF
1183,Boeing Field King County International Airport,US,Seattle,BFI
1184,Meadows Field,US,Bakersfield,BFL
1185,Mobile Downtown Airport,US,Mobile,BFM
1186,Greater Binghamton/Edwin A Link field,US,Binghamton,BGM
1187,Bangor International Airport,US,Bangor,BGR
1188,Hancock County-Bar Harbor Airport,US,Bar Harbor,BHB
1189,Birmingham-Shuttlesworth International Airport,US,Birmingham,BHM
1190,Biggs Army Air Field (Fort Bliss),US,Fort Bliss/El Paso,BIF
1191,Eastern Sierra Regional Airport,US,Bishop,BIH
1192,Billings Logan International Airport,US,Billings,BIL
1193,Bismarck Municipal Airport,US,Bismarck,BIS
1194,Keesler Air Force Base,US,Biloxi,BIX
1195,Rocky Mountain Metropolitan Airport,US,Denver,BJC
1196,Bemidji Regional Airport,US,Bemidji,BJI
1197,Baker City Municipal Airport,US,Baker City,BKE
1198,Buckley Space Force Base,US,Aurora,BFK
1199,Burke Lakefront Airport,US,Cleveland,BKL
1200,Raleigh County Memorial Airport,US,Beaver,BKW
1201,Mercer County Airport,US,Bluefield,BLF
1202,Blythe Airport,US,Blythe,BLH
1203,Bellingham International Airport,US,Bellingham,BLI
1204,Scott AFB/Midamerica Airport,US,Belleville,BLV
1205,Monroe County Airport,US,Bloomington,BMG
1206,Central Illinois Regional Airport at Bloomington-Normal,US,Bloomington/Normal,BMI
1207,Nashville International Airport,US,Nashville,BNA
1208,Burns Municipal Airport,US,Burns,BNO
1209,Boise Air Terminal/Gowen Field,US,Boise,BOI
1210,Logan International Airport,US,Boston,BOS
1211,Miley Memorial Field,US,Big Piney,BPI
1212,Ozark Regional Airport,US,Mountain Home,WMH
1213,Jack Brooks Regional Airport,US,Beaumont/Port Arthur,BPT
1214,Brunswick Golden Isles Airport,US,Brunswick,BQK
1215,Brainerd Lakes Regional Airport,US,Brainerd,BRD
1216,Southeast Iowa Regional Airport,US,Burlington,BRL
1217,Brownsville South Padre Island International Airport,US,Brownsville,BRO
1218,Battle Creek Executive Airport at Kellogg Field,US,Battle Creek,BTL
1219,Bert Mooney Airport,US,Butte,BTM
1220,Baton Rouge Metropolitan Airport,US,Baton Rouge,BTR
1221,Burlington International Airport,US,South Burlington,BTV
1222,Buffalo Niagara International Airport,US,Buffalo,BUF
1223,Hollywood Burbank Airport,US,Burbank,BUR
1224,Beaver County Airport,US,Beaver Falls,BFP
1225,Beverly Regional Airport,US,Beverly / Danvers,BVY
1226,Bowling Green Warren County Regional Airport,US,Bowling Green,BWG
1227,Baltimore/Washington International Thurgood Marshall Airport,US,Baltimore,BWI
1228,Arkansas International Airport,US,Blytheville,BYH
1229,Burley Municipal Airport,US,Burley,BYI
1230,Bicycle Lake Army Air Field,US,Fort Irwin/Barstow,BYS
1231,Bozeman Yellowstone International Airport,US,Bozeman,BZN
1232,Columbia Metropolitan Airport,US,Columbia,CAE
1233,Akron Canton Regional Airport,US,Akron,CAK
1234,Caribou Municipal Airport,US,Caribou,CAR
1235,Columbus Air Force Base,US,Columbus,CBM
1236,Buchanan Field,US,Concord,CCR
1237,Northeast Iowa Regional Airport,US,Charles City,CCY
1238,Cedar City Regional Airport,US,Cedar City,CDC
1239,Chadron Municipal Airport,US,Chadron,CDR
1240,Childress Municipal Airport,US,Childress,CDS
1241,Jack Mc Namara Field Airport,US,Crescent City,CEC
1242,Westover Metropolitan Airport / Westover Air Reserve Base,US,Chicopee,CEF
1243,Bob Sikes Airport,US,Crestview,CEW
1244,Cortez Municipal Airport,US,Cortez,CEZ
1245,Cuyahoga County Airport,US,Cleveland,CGF
1246,Cape Girardeau Regional Airport,US,Cape Girardeau,CGI
1247,Chattanooga Metropolitan Airport (Lovell Field),US,Chattanooga,CHA
1248,Charlottesville Albemarle Airport,US,Charlottesville,CHO
1249,Charleston International Airport,US,Charleston,CHS
1250,The Eastern Iowa Airport,US,Cedar Rapids,CID
1251,Chippewa County International Airport,US,Kincheloe,CIU
1252,North Central West Virginia Airport,US,Bridgeport,CKB
1253,Cleveland Hopkins International Airport,US,Cleveland,CLE
1254,Easterwood Field,US,College Station,CLL
1255,William R Fairchild International Airport,US,Port Angeles,CLM
1256,Charlotte Douglas International Airport,US,Charlotte,CLT
1257,John Glenn Columbus International Airport,US,Columbus,CMH
1258,University of Illinois Willard Airport,US,Savoy,CMI
1259,Houghton County Memorial Airport,US,Hancock,CMX
1260,Cavern City Air Terminal,US,Carlsbad,CNM
1261,Chanute Martin Johnson Airport,US,Chanute,CNU
1262,Canyonlands Regional Airport,US,Moab,CNY
1263,Yellowstone Regional Airport,US,Cody,COD
1264,Coeur D'Alene Airport - Pappy Boyington Field,US,Coeur d'Alene,COE
1265,Patrick Space Force Base,US,Cocoa Beach,COF
1266,Concord Municipal Airport,US,Concord,CON
1267,City of Colorado Springs Municipal Airport,US,Colorado Springs,COS
1268,Columbia Regional Airport,US,Columbia,COU
1269,Casper-Natrona County International Airport,US,Casper,CPR
1270,Grand Strand Airport,US,North Myrtle Beach,CRE
1271,Jacksonville Executive at Craig Airport,US,Jacksonville,CRG
1272,Corpus Christi International Airport,US,Corpus Christi,CRP
1273,McClellan-Palomar Airport,US,Carlsbad,CLD
1274,Yeager Airport,US,Charleston,CRW
1275,Columbus Metropolitan Airport,US,Columbus,CSG
1276,Crossville Memorial Airport Whitson Field,US,Crossville,CSV
1277,Cut Bank International Airport,US,Cut Bank,CTB
1278,Jim Hamilton L.B. Owens Airport,US,Columbia,CUB
1279,Cincinnati Northern Kentucky International Airport,US,Cincinnati / Covington,CVG
1280,Clovis Municipal Airport,US,Clovis,CVN
1281,Corvallis Municipal Airport,US,Corvallis,CVO
1282,Cannon Air Force Base,US,Clovis,CVS
1283,Central Wisconsin Airport,US,Mosinee,CWA
1284,Conroe-North Houston Regional Airport,US,Houston,CXO
1285,Cheyenne Regional Jerry Olson Field,US,Cheyenne,CYS
1286,Davison Army Air Field,US,Fort Belvoir,DAA
1287,Daytona Beach International Airport,US,Daytona Beach,DAB
1288,Barstow Daggett Airport,US,Daggett,DAG
1289,Dallas Love Field,US,Dallas,DAL
1290,Danville Regional Airport,US,Danville,DAN
1291,James M Cox Dayton International Airport,US,Dayton,DAY
1292,Dubuque Regional Airport,US,Dubuque,DBQ
1293,Ronald Reagan Washington National Airport,US,Washington,DCA
1294,Dodge City Regional Airport,US,Dodge City,DDC
1295,Decatur Airport,US,Decatur,DEC
1296,Denver International Airport,US,Denver,DEN
1297,Coleman A. Young Municipal Airport,US,Detroit,DET
1298,Dallas Fort Worth International Airport,US,Dallas-Fort Worth,DFW
1299,Dothan Regional Airport,US,Dothan,DHN
1300,Dalhart Municipal Airport,US,Dalhart,DHT
1301,Dickinson Theodore Roosevelt Regional Airport,US,Dickinson,DIK
1302,Laughlin Air Force Base,US,Del Rio,DLF
1303,Duluth International Airport,US,Duluth,DLH
1304,Columbia Gorge Regional Airport,US,Dallesport / The Dalles,DLS
1305,Davis Monthan Air Force Base,US,Tucson,DMA
1306,Deming Municipal Airport,US,Deming,DMN
1307,Daniel Field,US,Augusta,DNL
1308,Dover Air Force Base,US,Dover,DOV
1309,Dupage Airport,US,Chicago/West Chicago,DPA
1310,Desert Rock Airport,US,Mercury,DRA
1311,Beauregard Regional Airport,US,DeRidder,DRI
1312,Durango La Plata County Airport,US,Durango,DRO
1313,Del Rio International Airport,US,Del Rio,DRT
1314,Des Moines International Airport,US,Des Moines,DSM
1315,Destin Executive Airport,US,Destin,DSI
1316,Detroit Metropolitan Wayne County Airport,US,Detroit,DTW
1317,Durant Regional Airport - Eaker Field,US,Durant,DUA
1318,Bisbee Douglas International Airport,US,Douglas Bisbee,DUG
1319,DuBois Regional Airport,US,Dubois,DUJ
1320,Devils Lake Regional Airport,US,Devils Lake,DVL
1321,Danbury Municipal Airport,US,Danbury,DXR
1322,Dyess Air Force Base,US,Abilene,DYS
1323,Kearney Regional Airport,US,Kearney,EAR
1324,Pangborn Memorial Airport,US,Wenatchee,EAT
1325,Chippewa Valley Regional Airport,US,Eau Claire,EAU
1326,Elizabeth City Regional Airport & Coast Guard Air Station,US,Elizabeth City,ECG
1327,Northwest Florida Beaches International Airport,US,Panama City Beach,ECP
1328,Edwards Air Force Base,US,Edwards,EDW
1329,Needles Airport,US,Needles,EED
1330,Dillant Hopkins Airport,US,Keene,EEN
1331,Ellington Airport,US,Houston,EFD
1332,Eagle County Regional Airport,US,Eagle,EGE
1333,Duke Field,US,Crestview,EGI
1334,Murray Field,US,Eureka,EKA
1335,Elkins-Randolph County Regional Airport,US,Elkins,EKN
1336,Elko Regional Airport,US,Elko,EKO
1337,South Arkansas Regional Airport at Goodwin Field,US,El Dorado,ELD
1338,Elmira Corning Regional Airport,US,Elmira/Corning,ELM
1339,Ely Municipal Airport,US,Ely,LYU
1340,El Paso International Airport,US,El Paso,ELP
1341,Ely Airport Yelland Field,US,Ely,ELY
1342,Vance Air Force Base,US,Enid,END
1343,Wendover Airport,US,Wendover,ENV
1344,Kenosha Regional Airport,US,Kenosha,ENW
1345,Erie International Tom Ridge Field,US,Erie,ERI
1346,Delta County Airport,US,Escanaba,ESC
1347,Esler Army Airfield / Esler Regional Airport,US,Alexandria,ESF
1348,Mahlon Sweet Field,US,Eugene,EUG
1349,Evansville Regional Airport,US,Evansville,EVV
1350,Evanston-Uinta County Airport-Burns Field,US,Evanston,EVW
1351,New Bedford Regional Airport,US,New Bedford,EWB
1352,Coastal Carolina Regional Airport,US,New Bern,EWN
1353,Newark Liberty International Airport,US,Newark,EWR
1354,Key West International Airport,US,Key West,EYW
1355,Felker Army Air Field,US,Newport News (Fort Eustis),FAF
1356,Hector International Airport,US,Fargo,FAR
1357,Fresno Yosemite International Airport,US,Fresno,FAT
1358,Fayetteville Regional Airport - Grannis Field,US,Fayetteville,FAY
1359,Simmons Army Air Field,US,Fort Bragg,FBG
1360,Butts AAF (Fort Carson) Air Field,US,Fort Carson,FCS
1361,Findlay Airport,US,Findlay,FDY
1362,Wright-Patterson Air Force Base,US,Dayton,FFO
1363,Friday Harbor Airport,US,Friday Harbor,FRD
1364,Sierra Vista Municipal Airport / Libby Army Air Field,US,Fort Huachuca / Sierra Vista,FHU
1365,Venango Regional Airport,US,Franklin,FKL
1366,Flagstaff Pulliam International Airport,US,Flagstaff,FLG
1367,Fort Lauderdale Hollywood International Airport,US,Fort Lauderdale,FLL
1368,Florence Regional Airport,US,Florence,FLO
1369,Tipton Airport,US,Fort Meade(Odenton),FME
1370,Four Corners Regional Airport,US,Farmington,FMN
1371,Page Field,US,Fort Myers,FMY
1372,Northern Colorado Regional Airport,US,Loveland,FNL
1373,Bishop International Airport,US,Flint,FNT
1374,Fort Dodge Regional Airport,US,Fort Dodge,FOD
1375,Topeka Regional Airport,US,Topeka,FOE
1376,St Lucie County International Airport,US,Fort Pierce,FPR
1377,Republic Airport,US,Farmingdale,FRG
1378,Marshall Army Air Field,US,Fort Riley (Junction City),FRI
1379,Sioux Falls Regional Airport / Joe Foss Field,US,Sioux Falls,FSD
1380,Henry Post Army Air Field,US,Fort Sill,FSI
1381,Fort Smith Regional Airport,US,Fort Smith,FSM
1382,Fort Stockton Pecos County Airport,US,Fort Stockton,FST
1383,Godman Army Air Field,US,Fort Knox,FTK
1384,Fort Worth Meacham International Airport,US,Fort Worth,FTW
1385,Fulton County Airport Brown Field,US,Atlanta,FTY
1386,Fort Wayne International Airport,US,Fort Wayne,FWA
1387,Fort Lauderdale Executive Airport,US,Fort Lauderdale,FXE
1388,Drake Field,US,Fayetteville,FYV
1389,Northeast Wyoming Regional Airport,US,Gillette,GCC
1390,Garden City Regional Airport,US,Garden City,GCK
1391,Grand Canyon National Park Airport,US,Grand Canyon - Tusayan,GCN
1392,Dawson Community Airport,US,Glendive,GDV
1393,Spokane International Airport,US,Spokane,GEG
1394,Grand Forks International Airport,US,Grand Forks,GFK
1395,Floyd Bennett Memorial Airport,US,Glens Falls,GFL
1396,East Texas Regional Airport,US,Longview,GGG
1397,Glasgow Valley County Airport Wokal Field,US,Glasgow,GGW
1398,Grand Junction Regional Airport,US,Grand Junction,GJT
1399,Goodland Municipal Airport,US,Goodland,GLD
1400,Mid Delta Regional Airport,US,Greenville,GLH
1401,Scholes International At Galveston Airport,US,Galveston,GLS
1402,Greenville Downtown Airport,US,Greenville,GMU
1403,Gainesville Regional Airport,US,Gainesville,GNV
1404,Groton New London Airport,US,Groton,GON
1405,Glacier Park International Airport,US,Kalispell,FCA
1406,Gulfport Biloxi International Airport,US,Gulfport,GPT
1407,Austin Straubel International Airport,US,Green Bay,GRB
1408,Gray Army Air Field,US,Fort Lewis/Tacoma,GRF
1409,Central Nebraska Regional Airport,US,Grand Island,GRI
1410,Killeen Regional Airport / Robert Gray Army Airfield,US,Fort Cavazos,GRK
1411,Gerald R. Ford International Airport,US,Grand Rapids,GRR
1412,Seymour Johnson Air Force Base,US,Goldsboro,GSB
1413,Piedmont Triad International Airport,US,Greensboro,GSO
1414,Greenville Spartanburg International Airport,US,Greer,GSP
1415,Great Falls International Airport,US,Great Falls,GTF
1416,Golden Triangle Regional Airport,US,Columbus/W Point/Starkville,GTR
1417,Gunnison Crested Butte Regional Airport,US,Gunnison,GUC
1418,Gallup Municipal Airport,US,Gallup,GUP
1419,Grissom Air Reserve Base,US,Peru,GUS
1420,Guymon Municipal Airport,US,Guymon,GUY
1421,Greenwood‚ÄìLeflore Airport,US,Greenwood,GWO
1422,North Texas Regional Airport Perrin Field,US,Denison,PNX
1423,Gary Chicago International Airport,US,Gary,GYY
1424,Hattiesburg Bobby L Chain Municipal Airport,US,Hattiesburg,HBG
1425,Hobart Regional Airport,US,Hobart,HBR
1426,Yampa Valley Airport,US,Hayden,HDN
1427,Hartford Brainard Airport,US,Hartford,HFD
1428,Hagerstown Regional Richard A Henson Field,US,Hagerstown,HGR
1429,Jack Northrop Field Hawthorne Municipal Airport,US,Hawthorne,HHR
1430,Range Regional Airport,US,Hibbing,HIB
1431,Hill Air Force Base,US,Ogden,HIF
1432,Lake Havasu City International Airport,US,Lake Havasu City,HII
1433,Portland Hillsboro Airport,US,Portland,HIO
1434,Hickory Regional Airport,US,Hickory,HKY
1435,Wheeling Ohio County Airport,US,Wheeling,HLG
1436,Helena Regional Airport,US,Helena,HLN
1437,Holloman Air Force Base,US,Alamogordo,HMN
1438,Lea County Regional Airport,US,Hobbs,HOB
1439,Huron Regional Airport,US,Huron,HON
1440,Campbell Army Airfield (Fort Campbell),US,Fort Campbell,HOP
1441,Memorial Field Airport,US,Hot Springs,HOT
1442,William P Hobby Airport,US,Houston,HOU
1443,Westchester County Airport,US,White Plains,HPN
1444,Bowerman Airport,US,Hoquiam,HQM
1445,Valley International Airport,US,Harlingen,HRL
1446,Boone County Airport,US,Harrison,HRO
1447,Homestead ARB Airport,US,Homestead,HST
1448,Huntsville International Carl T Jones Field,US,Huntsville,HSV
1449,Tri-State Airport / Milton J. Ferguson Field,US,Huntington,HTS
1450,Redstone Army Air Field,US,Redstone Arsnl Huntsville,HUA
1451,"Terre Haute Regional Airport, Hulman Field",US,Terre Haute,HUF
1452,Houlton International Airport,US,Houlton,HUL
1453,Hutchinson Municipal Airport,US,Hutchinson,HUT
1454,Tweed New Haven Airport,US,New Haven,HVN
1455,Havre City County Airport,US,Havre,HVR
1456,Hilton Head Airport,US,Hilton Head Island,HHH
1457,Cape Cod Gateway Airport,US,Hyannis,HYA
1458,Sawyer County Airport,US,Hayward,HYR
1459,Hays Regional Airport,US,Hays,HYS
1460,Northeast Ohio Regional Airport,US,Ashtabula,JFN
1461,McConnell Air Force Base,US,Wichita,IAB
1462,Washington Dulles International Airport,US,Dulles,IAD
1463,Niagara Falls International Airport,US,Niagara Falls,IAG
1464,George Bush Intercontinental Houston Airport,US,Houston,IAH
1465,Wichita Eisenhower National Airport,US,Wichita,ICT
1466,Idaho Falls Regional Airport,US,Idaho Falls,IDA
1467,Laughlin Bullhead International Airport,US,Bullhead City,IFP
1468,Kingman Airport,US,Kingman,IGM
1469,Greater Kankakee Airport,US,Kankakee,IKK
1470,Wilmington Airport,US,Wilmington,ILG
1471,Wilmington International Airport,US,Wilmington,ILM
1472,Wilmington Airpark,US,Wilmington,ILN
1473,Ford Airport,US,Kingsford,IMT
1474,Indianapolis International Airport,US,Indianapolis,IND
1475,Winkler County Airport,US,Wink,INK
1476,Falls International Airport,US,International Falls,INL
1477,Smith Reynolds Airport,US,Winston Salem,INT
1478,Winslow Lindbergh Regional Airport,US,Winslow,INW
1479,Imperial County Airport,US,Imperial,IPL
1480,Williamsport Regional Airport,US,Williamsport,IPT
1481,Kirksville Regional Airport,US,Kirksville,IRK
1482,Kissimmee Gateway Airport,US,Orlando,ISM
1483,Kinston Regional Jetport At Stallings Field,US,Kinston,ISO
1484,Long Island Mac Arthur Airport,US,Islip,ISP
1485,Ithaca Tompkins Regional Airport,US,Ithaca,ITH
1486,Mesa Gateway Airport,US,Mesa,AZA
1487,Jackson Hole Airport,US,Jackson,JAC
1488,Jackson-Medgar Wiley Evers International Airport,US,Jackson,JAN
1489,Jacksonville International Airport,US,Jacksonville,JAX
1490,Jonesboro Municipal Airport,US,Jonesboro,JBR
1491,Kimble County Airport,US,Junction,JCT
1492,John F Kennedy International Airport,US,New York,JFK
1493,Chautauqua County-Jamestown Airport,US,Jamestown,JHW
1494,Joplin Regional Airport,US,Joplin,JLN
1495,Jamestown Regional Airport,US,Jamestown,JMS
1496,Concord-Padgett Regional Airport,US,Concord,USA
1497,John Murtha Johnstown Cambria County Airport,US,Johnstown,JST
1498,Jackson County Airport/Reynolds Field,US,Jackson,JXN
1499,Southwest Washington Regional Airport,US,Kelso,KLS
1500,Southeast Colorado Regional Airport,US,Lamar,LAA
1501,Purdue University Airport,US,West Lafayette,LAF
1502,Lakeland Linder International Airport,US,Lakeland,LAL
1503,Capital City Airport,US,Lansing,LAN
1504,Laramie Regional Airport,US,Laramie,LAR
1505,Harry Reid International Airport,US,Las Vegas,LAS
1506,Lawton Fort Sill Regional Airport,US,Lawton,LAW
1507,Los Angeles International Airport,US,Los Angeles,LAX
1508,Lubbock Preston Smith International Airport,US,Lubbock,LBB
1509,Arnold Palmer Regional Airport,US,Latrobe,LBE
1510,North Platte Regional Airport Lee Bird Field,US,North Platte,LBF
1511,Liberal Mid-America Regional Airport,US,Liberal,LBL
1512,Lumberton Regional Airport,US,Lumberton,LBT
1513,Texas Gulf Coast Regional Airport,US,Angleton,LJN
1514,Lake Charles Regional Airport,US,Lake Charles,LCH
1515,Rickenbacker International Airport,US,Columbus,LCK
1516,Lebanon Municipal Airport,US,Lebanon,LEB
1517,Leesburg International Airport,US,Leesburg,LEE
1518,Blue Grass Airport,US,Lexington,LEX
1519,Langley Air Force Base,US,Hampton,LFI
1520,Angelina County Airport,US,Lufkin,LFK
1521,Lafayette Regional Airport,US,Lafayette,LFT
1522,LaGuardia Airport,US,New York,LGA
1523,Long Beach Airport (Daugherty Field),US,Long Beach,LGB
1524,Logan-Cache Airport,US,Logan,LGU
1525,Bill & Hillary Clinton National Airport/Adams Field,US,Little Rock,LIT
1526,Crater Lake-Klamath Regional Airport,US,Klamath Falls,LMT
1527,Hunt Field,US,Lander,LND
1528,Lincoln Airport,US,Lincoln,LNK
1529,Lancaster Airport,US,Lancaster,LNS
1530,Derby Field,US,Lovelock,LOL
1531,Bowman Field,US,Louisville,LOU
1532,London-Corbin Airport/Magee Field,US,London,LOZ
1533,Laredo International Airport,US,Laredo,LRD
1534,Little Rock Air Force Base,US,Jacksonville,LRF
1535,Las Cruces International Airport,US,Las Cruces,LRU
1536,La Crosse Regional Airport,US,La Crosse,LSE
1537,Lawson Army Air Field,US,Fort Benning,LSF
1538,Nellis Air Force Base,US,Las Vegas,LSV
1539,Altus Air Force Base,US,Altus,LTS
1540,Luke Air Force Base,US,Glendale,LUF
1541,Cincinnati Municipal Airport Lunken Field,US,Cincinnati,LUK
1542,Mission Field,US,Livingston,LVM
1543,Las Vegas Municipal Airport,US,Las Vegas,LVS
1544,Greenbrier Valley Airport,US,Lewisburg,LWB
1545,Lawrence Municipal Airport,US,Lawrence,LWM
1546,Lewiston Nez Perce County Airport,US,Lewiston,LWS
1547,Lewistown Municipal Airport,US,Lewistown,LWT
1548,Lynchburg Regional Airport - Preston Glenn Field,US,Lynchburg,LYH
1549,Midland International Air and Space Port,US,Midland,MAF
1550,Mobridge Municipal Airport,US,Mobridge,MBG
1551,MBS International Airport,US,Saginaw,MBS
1552,McComb-Pike County Airport / John E Lewis Field,US,McComb,MCB
1553,McClellan Airfield,US,Sacramento,MCC
1554,Merced Regional Macready Field,US,Merced,MCE
1555,MacDill Air Force Base,US,Tampa,MCF
1556,Kansas City International Airport,US,Kansas City,MCI
1557,McCook Ben Nelson Regional Airport,US,McCook,MCK
1558,Middle Georgia Regional Airport,US,Macon,MCN
1559,Orlando International Airport,US,Orlando,MCO
1560,Mason City Municipal Airport,US,Mason City,MCW
1561,Southern Illinois Airport,US,Murphysboro,MDH
1562,Harrisburg International Airport,US,Harrisburg,MDT
1563,Chicago Midway International Airport,US,Chicago,MDW
1564,Key Field / Meridian Regional Airport,US,Meridian,MEI
1565,Memphis International Airport,US,Memphis,MEM
1566,Castle Airport,US,Merced,MER
1567,Mansfield Lahm Regional Airport,US,Mansfield,MFD
1568,McAllen Miller International Airport,US,McAllen,MFE
1569,Rogue Valley International Medford Airport,US,Medford,MFR
1570,Dobbins Air Reserve Base,US,Marietta,MGE
1571,Montgomery Regional (Dannelly Field) Airport,US,Montgomery,MGM
1572,Morgantown Municipal Airport Walter L. (Bill) Hart Field,US,Morgantown,MGW
1573,Manhattan Regional Airport,US,Manhattan,MHK
1574,Sacramento Mather Airport,US,Sacramento,MHR
1575,Manchester-Boston Regional Airport,US,Manchester,MHT
1576,Miami International Airport,US,Miami,MIA
1577,Minot Air Force Base,US,Minot,MIB
1578,Delaware County Johnson Field,US,Muncie,MIE
1579,Millville Municipal Airport,US,Millville,MIV
1580,Charles B. Wheeler Downtown Airport,US,Kansas City,MKC
1581,General Mitchell International Airport,US,Milwaukee,MKE
1582,Muskegon County Airport,US,Muskegon,MKG
1583,McKellar-Sipes Regional Airport,US,Jackson,MKL
1584,Melbourne Orlando International Airport,US,Melbourne,MLB
1585,Mc Alester Regional Airport,US,Mc Alester,MLC
1586,Quad City International Airport,US,Moline,MLI
1587,Miles City Airport - Frank Wiley Field,US,Miles City,MLS
1588,Monroe Regional Airport,US,Monroe,MLU
1589,Mc Entire Joint National Guard Base,US,Eastover,MMT
1590,Morristown Municipal Airport,US,Morristown,MMU
1591,Mobile Regional Airport,US,Mobile,MOB
1592,Modesto City Co-Harry Sham Field,US,Modesto,MOD
1593,Minot International Airport,US,Minot,MOT
1594,Edward F Knapp State Airport,US,Barre/Montpelier,MPV
1595,Smyrna Airport,US,Smyrna,MQY
1596,Eastern WV Regional Airport/Shepherd Field,US,Martinsburg,MRB
1597,Monterey Peninsula Airport,US,Monterey,MRY
1598,Northwest Alabama Regional Airport,US,Muscle Shoals,MSL
1599,Dane County Regional Truax Field,US,Madison,MSN
1600,Missoula International Airport,US,Missoula,MSO
1601,Minneapolis‚ÄìSaint Paul International Airport / Wold‚ÄìChamberlain Field,US,Minneapolis,MSP
1602,Massena International Airport Richards Field,US,Massena,MSS
1603,Louis Armstrong New Orleans International Airport,US,New Orleans,MSY
1604,Selfridge Air National Guard Base Airport,US,Mount Clemens,MTC
1605,The Florida Keys Marathon Airport,US,Marathon,MTH
1606,Montrose Regional Airport,US,Montrose,MTJ
1607,Martin State Airport,US,Baltimore,MTN
1608,Muir Army Air Field (Fort Indiantown Gap) Airport,US,Fort Indiantown Gap(Annville),MUI
1609,Mountain Home Air Force Base,US,Mountain Home,MUO
1610,Veterans Airport of Southern Illinois,US,Marion,MWA
1611,Grant County International Airport,US,Moses Lake,MWH
1612,Maxwell Air Force Base,US,Montgomery,MXF
1613,McCall Municipal Airport,US,McCall,MYL
1614,Myrtle Beach International Airport,US,Myrtle Beach,MYR
1615,Yuba County Airport,US,Marysville,MYV
1616,New Orleans NAS JRB/Alvin Callender Field,US,New Orleans,NBG
1617,Lakehurst Maxfield Field Airport,US,Lakehurst,NEL
1618,Lakefront Airport,US,New Orleans,NEW
1619,Fallon Naval Air Station,US,Fallon,NFL
1620,NAS Fort Worth JRB / Carswell Field,US,Fort Worth,FWH
1621,Naval Air Station Corpus Christi Truax Field,US,Corpus Christi,NGP
1622,Norfolk Naval Station (Chambers Field),US,Norfolk,NGU
1623,Patuxent River Naval Air Station (Trapnell Field),US,Patuxent River,NHK
1624,Brunswick Executive Airport,US,Brunswick,NHZ
1625,Jacksonville Naval Air Station (Towers Field),US,Jacksonville,NIP
1626,El Centro NAF Airport (Vraciu Field),US,El Centro,NJK
1627,Miramar Marine Corps Air Station - Mitscher Field,US,San Diego,NKX
1628,Lemoore Naval Air Station (Reeves Field) Airport,US,Lemoore,NLC
1629,Naval Air Station Pensacola Forrest Sherman Field,US,Pensacola,NPA
1630,Millington-Memphis Airport,US,Millington,NQA
1631,Kingsville Naval Air Station,US,Kingsville,NQI
1632,Naval Air Station Key West/Boca Chica Field,US,Key West,NQX
1633,Naval Station Mayport / Admiral David L McDonald Field,US,Jacksonville,NRB
1634,Whiting Field Naval Air Station - North,US,Milton,NSE
1635,Point Mugu Naval Air Station (Naval Base Ventura Co),US,Point Mugu,NTD
1636,Oceana Naval Air Station,US,Virginia Beach,NTU
1637,Moffett Federal Airfield,US,Mountain View,NUQ
1638,Whidbey Island Naval Air Station (Ault Field),US,Oak Harbor,NUW
1639,Quantico Marine Corps Airfield / Turner Field,US,Quantico,NYG
1640,Yuma International Airport / Marine Corps Air Station Yuma,US,Yuma,YUM
1641,North Island Naval Air Station-Halsey Field,US,San Diego,NZY
1642,Albert J Ellis Airport,US,Richlands,OAJ
1643,San Francisco Bay Oakland International Airport,US,Oakland,OAK
1644,Offutt Air Force Base,US,Omaha,OFF
1645,Karl Stefan Memorial Airport,US,Norfolk,OFK
1646,Orangeburg Municipal Airport,US,Orangeburg,OGB
1647,Ogden Hinckley Airport,US,Ogden,OGD
1648,Ogdensburg International Airport,US,Ogdensburg,OGS
1649,Will Rogers World Airport,US,Oklahoma City,OKC
1650,L M Clayton Airport,US,Wolf Point,OLF
1651,Olympia Regional Airport,US,Olympia,OLM
1652,Nogales International Airport,US,Nogales,OLS
1653,Columbus Municipal Airport,US,Columbus,OLU
1654,Eppley Airfield,US,Omaha,OMA
1655,Ontario Municipal Airport,US,Oregon,ONO
1656,Newport Municipal Airport,US,Newport,ONP
1657,Ontario International Airport,US,Ontario,ONT
1658,Miami-Opa Locka Executive Airport,US,Miami,OPF
1659,Quonset State Airport,US,North Kingstown,NCO
1660,Chicago O'Hare International Airport,US,Chicago,ORD
1661,Norfolk International Airport,US,Norfolk,ORF
1662,Worcester Regional Airport,US,Worcester,ORH
1663,Orcas Island Airport,US,Eastsound,ESD
1664,Wittman Regional Airport,US,Oshkosh,OSH
1665,The Ohio State University Airport - Don Scott Field,US,Columbus,OSU
1666,Southwest Oregon Regional Airport,US,North Bend,OTH
1667,Ottumwa Regional Airport,US,Ottumwa,OTM
1668,Owensboro Daviess County Airport,US,Owensboro,OWB
1669,Norwood Memorial Airport,US,Norwood,OWD
1670,Oxnard Airport,US,Oxnard,OXR
1671,Cairns AAF (Fort Rucker) Air Field,US,Fort Rucker/Ozark,OZR
1672,Orang (Chongjin) Airport,KP,Hoemun-ri,RGO
1673,Seattle Paine Field International Airport,US,Everett,PAE
1674,Barkley Regional Airport,US,Paducah,PAH
1675,Tyndall Air Force Base,US,Panama City,PAM
1676,Palo Alto Airport,US,Palo Alto,PAO
1677,"Pine Bluff Regional Airport, Grider Field",US,Pine Bluff,PBF
1678,Plattsburgh International Airport,US,Plattsburgh,PBG
1679,Palm Beach International Airport,US,West Palm Beach,PBI
1680,DeKalb Peachtree Airport,US,Atlanta,PDK
1681,Eastern Oregon Regional Airport at Pendleton,US,Pendleton,PDT
1682,Portland International Airport,US,Portland,PDX
1683,Page Municipal Airport,US,Page,PGA
1684,Punta Gorda Airport,US,Punta Gorda,PGD
1685,Pitt-Greenville Airport,US,Greenville,PGV
1686,Newport News Williamsburg International Airport,US,Newport News,PHF
1687,Philadelphia International Airport,US,Philadelphia,PHL
1688,Phoenix Sky Harbor International Airport,US,Phoenix,PHX
1689,General Wayne A. Downing Peoria International Airport,US,Peoria,PIA
1690,Hattiesburg Laurel Regional Airport,US,Moselle,PIB
1691,St. Petersburg Clearwater International Airport,US,Pinellas Park,PIE
1692,Pocatello Regional Airport,US,Pocatello,PIH
1693,Pierre Regional Airport,US,Pierre,PIR
1694,Pittsburgh International Airport,US,Pittsburgh,PIT
1695,Mid Ohio Valley Regional Airport,US,Parkersburg (Williamstown),PKB
1696,Pellston Regional Airport of Emmet County Airport,US,Pellston,PLN
1697,Palmdale Regional Airport / USAF Plant 42 Airport,US,Palmdale,PMD
1698,Ralph Wenz Field,US,Pinedale,PWY
1699,Ponca City Regional Airport,US,Ponca City,PNC
1700,Northeast Philadelphia Airport,US,Philadelphia,PNE
1701,Pensacola International Airport,US,Pensacola,PNS
1702,Pope Field,US,Fort Bragg,POB
1703,Polk Army Air Field,US,Fort Polk,POE
1704,Dutchess County Airport,US,Poughkeepsie,POU
1705,Presque Isle International Airport,US,Presque Isle,PQI
1706,Paso Robles Municipal Airport,US,Paso Robles,PRB
1707,Prescott International Airport - Ernest A. Love Field,US,Prescott,PRC
1708,Cox Field,US,Paris,PRX
1709,Tri Cities Airport,US,Pasco,PSC
1710,Portsmouth International at Pease Airport,US,Portsmouth,PSM
1711,Palm Springs International Airport,US,Palm Springs,PSP
1712,Oakland County International Airport,US,Pontiac,PTK
1713,Pueblo Memorial Airport,US,Pueblo,PUB
1714,Pullman-Moscow Regional Airport,US,Pullman,PUW
1715,Theodore Francis Green State Airport,US,Warwick,PVD
1716,Provo-Utah Lake International Airport,US,Provo,PVU
1717,Chicago Executive Airport,US,Chicago/Prospect Heights/Wheeling,PWK
1718,Portland International Jetport,US,Portland,PWM
1719,Bremerton National Airport,US,Bremerton,PWT
1720,Riverside Municipal Airport,US,Riverside,RAL
1721,Rapid City Regional Airport,US,Rapid City,RAP
1722,Red Bluff Municipal Airport,US,Red Bluff,RBL
1723,Ellsworth Air Force Base,US,Rapid City,RCA
1724,Redding Municipal Airport,US,Redding,RDD
1725,Reading Regional Airport (Carl A Spaatz Field),US,Reading,RDG
1726,Roberts Field,US,Redmond,RDM
1727,Grand Forks Air Force Base,US,Grand Forks,RDR
1728,Raleigh Durham International Airport,US,Raleigh/Durham,RDU
1729,Chicago Rockford International Airport,US,Chicago/Rockford,RFD
1730,Rhinelander Oneida County Airport,US,Rhinelander,RHI
1731,Richmond International Airport,US,Richmond,RIC
1732,Garfield County Regional Airport,US,Rifle,RIL
1733,March Air Reserve Base,US,Riverside,RIV
1734,Central Wyoming Regional Airport,US,Riverton,RIW
1735,Knox County Regional Airport,US,Rockland,RKD
1736,Southwest Wyoming Regional Airport,US,Rock Springs,RKS
1737,Griffiss International Airport,US,Rome,RME
1738,Richard B Russell Airport,US,Rome,RMG
1739,Randolph Air Force Base,US,Universal City,RND
1740,New Richmond Regional Airport,US,New Richmond,RNH
1741,Reno Tahoe International Airport,US,Reno,RNO
1742,Roanoke‚ÄìBlacksburg Regional Airport,US,Roanoke,ROA
1743,Frederick Douglass Greater Rochester International Airport,US,Rochester,ROC
1744,Roswell Air Center Airport,US,Roswell,ROW
1745,Russell Municipal Airport,US,Russell,RSL
1746,Rochester International Airport,US,Rochester,RST
1747,Southwest Florida International Airport,US,Fort Myers,RSW
1748,Rutland - Southern Vermont Regional Airport,US,Rutland,RUT
1749,Tulsa Riverside Airport,US,Tulsa,RVS
1750,Redwood Falls Municipal Airport,US,Redwood Falls,RWF
1751,Rocky Mount Wilson Regional Airport,US,Rocky Mount,RWI
1752,Rawlins Municipal Airport/Harvey Field,US,Rawlins,RWL
1753,Sacramento Executive Airport,US,Sacramento,SAC
1754,Santa Fe Municipal Airport,US,Santa Fe,SAF
1755,San Diego International Airport,US,San Diego,SAN
1756,San Antonio International Airport,US,San Antonio,SAT
1757,Savannah Hilton Head International Airport,US,Savannah,SAV
1758,Marquette/Sawyer International Airport,US,Gwinn,MQT
1759,Santa Barbara Municipal Airport,US,Santa Barbara,SBA
1760,San Bernardino International Airport,US,San Bernardino,SBD
1761,South Bend Regional Airport,US,South Bend,SBN
1762,San Luis County Regional Airport,US,San Luis Obispo,SBP
1763,Salisbury Ocean City Wicomico Regional Airport,US,Salisbury,SBY
1764,Schenectady County Airport,US,Schenectady,SCH
1765,Stockton Metropolitan Airport,US,Stockton,SCK
1766,Louisville Muhammad Ali International Airport,US,Louisville,SDF
1767,Brown Field Municipal Airport,US,San Diego,SDM
1768,Sidney - Richland Regional Airport,US,Sidney,SDY
1769,Seattle‚ÄìTacoma International Airport,US,Seattle,SEA
1770,Orlando Sanford International Airport,US,Orlando,SFB
1771,Felts Field,US,Spokane,SFF
1772,San Francisco International Airport,US,San Francisco,SFO
1773,Springfield Branson National Airport,US,Springfield,SGF
1774,Springfield-Beckley Municipal Airport,US,Springfield,SGH
1775,Northeast Florida Regional Airport,US,St Augustine,UST
1776,Sugar Land Regional Airport,US,Houston,SGR
1777,St George Regional Airport,US,St George,SGU
1778,Shenandoah Valley Regional Airport,US,Weyers Cave,SHD
1779,Sheridan County Airport,US,Sheridan,SHR
1780,Shreveport Regional Airport,US,Shreveport,SHV
1781,Norman Y. Mineta San Jose International Airport,US,San Jose,SJC
1782,San Angelo Regional Mathis Field,US,San Angelo,SJT
1783,Fairchild Air Force Base,US,Spokane,SKA
1784,Lackland Air Force Base,US,San Antonio,SKF
1785,Taos Regional Airport,US,Taos,TSM
1786,Salt Lake City International Airport,US,Salt Lake City,SLC
1787,Salem-Willamette Valley Airport/McNary Field,US,Salem,SLE
1788,Adirondack Regional Airport,US,Saranac Lake,SLK
1789,Salina Municipal Airport,US,Salina,SLN
1790,Lake Cumberland Regional Airport,US,Somerset,SME
1791,Sacramento International Airport,US,Sacramento,SMF
1792,Lemhi County Airport,US,Salmon,SMN
1793,Santa Monica Municipal Airport,US,Santa Monica,SMO
1794,Santa Maria Public Airport Captain G Allan Hancock Field,US,Santa Maria,SMX
1795,John Wayne Orange County International Airport,US,Santa Ana,SNA
1796,Salinas Municipal Airport,US,Salinas,SNS
1797,Sidney Municipal Airport Lloyd W Carr Field,US,Sidney,SNY
1798,Show Low Regional Airport,US,Show Low,SOW
1799,Abraham Lincoln Capital Airport,US,Springfield,SPI
1800,Wichita Falls Municipal Airport / Sheppard Air Force Base,US,Wichita Falls,SPS
1801,San Carlos Airport,US,San Carlos,SQL
1802,Sarasota Bradenton International Airport,US,Sarasota/Bradenton,SRQ
1803,Sierra Blanca Regional Airport,US,Alto,RUI
1804,Shaw Air Force Base,US,Sumter,SSC
1805,Stinson Municipal Airport,US,San Antonio,SSF
1806,St Simons Island Airport,US,St Simons Island,SSI
1807,Saint Cloud Regional Airport,US,Saint Cloud,STC
1808,Rosecrans Memorial Airport,US,St Joseph,STJ
1809,St. Louis Lambert International Airport,US,St Louis,STL
1810,Saint Paul Downtown Holman Field,US,Saint Paul,STP
1811,Charles M. Schulz Sonoma County Airport,US,Santa Rosa,STS
1812,Friedman Memorial Airport,US,Hailey,SUN
1813,Spirit of St Louis Airport,US,St Louis,SUS
1814,Travis Air Force Base,US,Fairfield,SUU
1815,Sioux Gateway Airport / Brigadier General Bud Day Field,US,Sioux City,SUX
1816,Grant County Airport,US,Silver City,SVC
1817,Hunter Army Air Field,US,Savannah,SVN
1818,New York Stewart International Airport,US,Newburgh,SWF
1819,Stillwater Regional Airport,US,Stillwater,SWO
1820,Syracuse Hancock International Airport,US,Syracuse,SYR
1821,Whiteman Air Force Base,US,Knob Noster,SZL
1822,Waynesville-St. Robert Regional Airport-Forney Field,US,Fort Leonard Wood,TBN
1823,Tucumcari Municipal Airport,US,Tucumcari,TCC
1824,Tuscaloosa National Airport,US,Tuscaloosa,TCL
1825,McChord Air Force Base,US,Tacoma,TCM
1826,Truth or Consequences Municipal Airport,US,Truth or Consequences,TCS
1827,Teterboro Airport,US,Teterboro,TEB
1828,Telluride Regional Airport,US,Telluride,TEX
1829,Tinker Air Force Base,US,Oklahoma City,TIK
1830,Tacoma Narrows Airport,US,Tacoma,TIW
1831,Space Coast Regional Airport,US,Titusville,TIX
1832,Tallahassee Regional Airport,US,Tallahassee,TLH
1833,Miami Executive Airport,US,Miami,TMB
1834,Troy Municipal Airport at N Kenneth Campbell Field,US,Troy,TOI
1835,Eugene F. Kranz Toledo Express Airport,US,Toledo,TOL
1836,Philip Billard Municipal Airport,US,Topeka,TOP
1837,Tampa International Airport,US,Tampa,TPA
1838,Tonopah Airport,US,Tonopah,TPH
1839,Draughon Miller Central Texas Regional Airport,US,Temple,TPL
1840,Tri-Cities Regional TN/VA Airport,US,Blountville,TRI
1841,Truckee Tahoe Airport,US,Truckee,TKF
1842,Jacqueline Cochran Regional Airport,US,Palm Springs,TRM
1843,Portland Troutdale Airport,US,Portland,TTD
1844,Trenton Mercer Airport,US,Ewing Township,TTN
1845,Tulsa International Airport,US,Tulsa,TUL
1846,Tupelo Regional Airport,US,Tupelo,TUP
1847,Tucson International Airport / Morris Air National Guard Base,US,Tucson,TUS
1848,Cherry Capital Airport,US,Traverse City,TVC
1849,Thief River Falls Regional Airport,US,Thief River Falls,TVF
1850,Lake Tahoe Airport,US,South Lake Tahoe,TVL
1851,Joslin Field Magic Valley Regional Airport,US,Twin Falls,TWF
1852,Texarkana Regional Airport (Webb Field),US,Texarkana,TXK
1853,Tyler Pounds Regional Airport,US,Tyler,TYR
1854,McGhee Tyson Airport,US,Alcoa,TYS
1855,Quincy Regional Airport Baldwin Field,US,Quincy,UIN
1856,Ukiah Municipal Airport,US,Ukiah,UKI
1857,State College Regional Airport,US,State College,SCE
1858,University Oxford Airport,US,Oxford,UOX
1859,Huntsville Regional Airport,US,Huntsville,HTV
1860,Moody Air Force Base,US,Valdosta,VAD
1861,Vandenberg Space Force Base,US,Lompoc,VBG
1862,Victoria Regional Airport,US,Victoria,VCT
1863,Vernal Regional Airport,US,Vernal,VEL
1864,North Las Vegas Metropolitan International Airport,US,Las Vegas,VGT
1865,Visalia Municipal Airport,US,Visalia,VIS
1866,Valdosta Regional Airport,US,Valdosta,VLD
1867,Van Nuys Airport,US,Van Nuys,VNY
1868,Volk Field,US,Camp Douglas,VOK
1869,Destin-Fort Walton Beach Airport,US,Valparaiso,VPS
1870,Porter County Municipal Airport,US,Valparaiso,VPZ
1871,Cecil Airport,US,Jacksonville,VQQ
1872,Vero Beach Regional Airport,US,Vero Beach,VRB
1873,Miller Field,US,Valentine,VTN
1874,General William J Fox Airfield,US,Lancaster,WJF
1875,Winnemucca Municipal Airport,US,Winnemucca,WMC
1876,Robins Air Force Base,US,Warner Robins,WRB
1877,Mc Guire Air Force Base,US,Wrightstown,WRI
1878,Worland Municipal Airport,US,Worland,WRL
1879,Westerly State Airport,US,Westerly,WST
1880,Cape May County Airport,US,Wildwood,WWD
1881,West Woodward Airport,US,Woodward,WWR
1882,Kiwayu Airport,KE,Kiwayu,KWY
1883,Yellowstone Airport,US,West Yellowstone,WYS
1884,Northwest Arkansas National Airport,US,Fayetteville/Springdale/Rogers,XNA
1885,Willow Run Airport,US,Detroit,YIP
1886,Yakima Air Terminal McAllister Field,US,Yakima,YKM
1887,Chan Gurney Municipal Airport,US,Yankton,YKN
1888,Youngstown Warren Regional Airport,US,Youngstown/Warren,YNG
1889,Baikonur Krayniy Airport,KZ,Baikonur,BXY
1890,Zanesville Municipal Airport,US,Zanesville,ZZV
1891,Bokeo International Airport,LA,Ton Phueng,BOR
1892,Dr. Antonio Agostinho Neto International Airport,AO,Luanda (√çcolo e Bengo),NBJ
1893,Kuk√´s International Airport,AL,Kuk√´s,KFZ
1894,Tirana International Airport Mother Teresa,AL,Rinas,TIA
1895,Burgas Airport,BG,Burgas,BOJ
1896,Gorna Oryahovitsa Airport,BG,Gorna Oryahovitsa,GOZ
1897,Plovdiv International Airport,BG,Plovdiv,PDV
1898,Sofia Airport,BG,Sofia,SOF
1899,Varna Airport,BG,Varna,VAR
1900,Nicosia (Lefko≈üa) Ercan International Airport,CY,Tymbou (Kirklar),ECN
1901,Larnaca International Airport,CY,Larnaca,LCA
1902,Paphos International Airport,CY,Paphos,PFO
1903,RAF Akrotiri,CY,Akrotiri,AKT
1904,Dubrovnik Ruƒëer Bo≈°koviƒá Airport,HR,ƒåilipi,DBV
1905,Osijek Airport,HR,Klisa,OSI
1906,Pula Airport,HR,Pula,PUY
1907,Rijeka Airport,HR,Omi≈°alj,RJK
1908,Braƒç Airport,HR,Gornji Humac,BWK
1909,Split Airport,HR,Ka≈°tel ≈†tafiliƒá,SPU
1910,Zagreb Franjo Tuƒëman International Airport,HR,Velika Gorica,ZAG
1911,Zadar Airport,HR,Zemunik Donji (Zadar),ZAD
1912,Albacete Airport / Los Llanos Air Base,ES,Albacete,ABC
1913,Alicante-Elche Miguel Hern√°ndez Airport,ES,Alicante,ALC
1914,Almer√≠a Airport,ES,Almer√≠a,LEI
1915,Asturias Airport,ES,Ran√≥n,OVD
1916,C√≥rdoba Airport,ES,C√≥rdoba,ODB
1917,Bilbao Airport,ES,Bilbao,BIO
1918,Burgos Airport,ES,Burgos,RGS
1919,Josep Tarradellas Barcelona-El Prat Airport,ES,Barcelona,BCN
1920,Badajoz Airport,ES,Badajoz,BJZ
1921,Castell√≥n-Costa Azahar Airport,ES,Castell√≥n de la Plana,CDT
1922,A Coru√±a Airport,ES,Culleredo,LCG
1923,Lleida-Alguaire Airport,ES,Lleida,ILD
1924,Girona-Costa Brava Airport,ES,Girona,GRO
1925,F.G.L. Airport Granada-Ja√©n Airport,ES,Granada,GRX
1926,Ibiza Airport,ES,Ibiza (Eivissa),IBZ
1927,Jerez Airport,ES,Jerez de la Frontera,XRY
1928,San Javier Airport,ES,San Javier,MJV
1929,Le√≥n Airport,ES,Le√≥n,LEN
1930,Logro√±o-Agoncillo Airport,ES,Logro√±o,RJL
1931,Adolfo Su√°rez Madrid‚ÄìBarajas Airport,ES,Madrid,MAD
1932,M√°laga-Costa del Sol Airport,ES,M√°laga,AGP
1933,Menorca Airport,ES,Mah√≥n (Ma√≥),MAH
1934,Regi√≥n de Murcia International Airport,ES,Corvera,RMU
1935,Moron Air Base,ES,Mor√≥n,OZP
1936,Palma de Mallorca Airport,ES,Palma de Mallorca,PMI
1937,Pamplona Airport,ES,Pamplona,PNA
1938,Ciudad Real International Airport,ES,Ciudad Real,CQM
1939,Reus Airport,ES,Reus,REU
1940,Rota Naval Station Airport,ES,Rota,ROZ
1941,Salamanca Airport,ES,Salamanca,SLM
1942,San Sebasti√°n Airport,ES,Hondarribia,EAS
1943,Santiago-Rosal√≠a de Castro Airport,ES,Santiago de Compostela,SCQ
1944,Teruel Airport,ES,Teruel,TEV
1945,Madrid‚ÄìTorrej√≥n Airport / Torrej√≥n Air Base,ES,Madrid,TOJ
1946,Valencia Airport,ES,Valencia,VLC
1947,Valladolid Airport,ES,Valladolid,VLL
1948,Vitoria Airport,ES,Alava,VIT
1949,Vigo Airport,ES,Vigo,VGO
1950,Seve Ballesteros-Santander Airport,ES,Santander,SDR
1951,Zaragoza Airport,ES,Zaragoza,ZAZ
1952,Sevilla Airport,ES,Sevilla,SVQ
1953,Calais-Dunkerque Airport,FR,Marck,CQF
1954,Le Touquet-C√¥te d'Opale Airport,FR,Le Touquet-Paris-Plage,LTQ
1955,Agen-La Garenne Airport,FR,Agen/La Garenne,AGF
1956,Bordeaux-M√©rignac Airport,FR,Bordeaux/M√©rignac,BOD
1957,Bergerac Dordogne P√©rigord Airport,FR,Bergerac/Roumani√®re,EGC
1958,Cognac-Ch√¢teaubernard (BA 709) Air Base,FR,Cognac/Ch√¢teaubernard,CNG
1959,La Rochelle-√éle de R√© Airport,FR,La Rochelle/√éle de R√©,LRH
1960,Poitiers-Biard Airport,FR,Poitiers/Biard,PIS
1961,Montlu√ßon-Gu√©ret Airport,FR,"L√©paud, Creuse",MCU
1962,Limoges Airport,FR,Limoges/Bellegarde,LIG
1963,Niort - Marais Poitevin Airport,FR,Niort/Souch√©,NIT
1964,Toulouse-Blagnac Airport,FR,Toulouse/Blagnac,TLS
1965,Pau Pyr√©n√©es Airport,FR,Pau/Pyr√©n√©es (Uzein),PUF
1966,Tarbes-Lourdes-Pyr√©n√©es Airport,FR,Tarbes/Lourdes/Pyr√©n√©es,LDE
1967,Angoul√™me-Brie-Champniers Airport,FR,Angoul√™me/Brie/Champniers,ANG
1968,P√©rigueux-Bassillac Airport,FR,P√©rigueux/Bassillac,PGX
1969,Biarritz-Anglet-Bayonne Airport,FR,Biarritz/Anglet/Bayonne,BIQ
1970,A√©rodrome de Cahors-Lalbenque,FR,Cahors/Lalbenque,ZAO
1971,Albi-Le S√©questre Airport,FR,Albi/Le S√©questre,LBI
1972,Castres-Mazamet Airport,FR,Castres/Mazamet,DCM
1973,Rodez‚ÄìAveyron Airport,FR,Rodez/Marcillac,RDZ
1974,Royan-M√©dis Airport,FR,Royan/M√©dis,RYN
1975,Rochefort-Saint-Agnant (BA 721) Airport,FR,Rochefort/Saint-Agnant,RCO
1976,Colmar-Houssen Airport,FR,"Colmar, Haut-Rhin",CMR
1977,Dole-Jura Airport,FR,"Tavaux, Jura",DLE
1978,Aubenas-South Ard√®che Airport,FR,"Lanas, Ard√®che",OBS
1979,Le Puy-Loudes Airfield,FR,"Chaspuzac, Haute-Loire",LPY
1980,Metz-Nancy-Lorraine Airport,FR,Goin,ETZ
1981,Angers-Loire Airport,FR,"Marc√©, Maine-et-Loire",ANE
1982,Bastia-Poretta Airport,FR,Bastia/Poretta,BIA
1983,Calvi-Sainte-Catherine Airport,FR,Calvi/Sainte-Catherine,CLY
1984,Figari Sud-Corse Airport,FR,Figari Sud-Corse,FSC
1985,Ajaccio-Napol√©on Bonaparte Airport,FR,Ajaccio/Napol√©on Bonaparte,AJA
1986,Solenzara (BA 126) Air Base,FR,Solenzara,SOZ
1987,Auxerre-Branches Airport,FR,"Appoigny, Yonne",AUF
1988,Chamb√©ry Savoie Mont Blanc Airport,FR,Viviers-du-Lac,CMF
1989,Clermont-Ferrand Auvergne Airport,FR,"Aulnat, Puy-de-D√¥me",CFE
1990,Bourges Airport,FR,"Bourges, Cher",BOU
1991,Lyon Saint-Exup√©ry Airport,FR,"Colombier-Saugnieu, Rh√¥ne",LYS
1992,Saint-Yan Airport,FR,"L'H√¥pital-le-Mercier, Sa√¥ne-et-Loire",SYT
1993,Roanne-Renaison Airport,FR,Saint-L√©ger-sur-Roanne,RNE
1994,Annecy Haute-Savoie Mont Blanc Airport,FR,Epagny Metz-Tessy,NCY
1995,Grenoble Alpes Is√®re Airport,FR,"Saint-√âtienne-de-Saint-Geoirs, Is√®re",GNB
1996,Valence-Chabeuil Airport,FR,"Chabeuil, Dr√¥me",VAF
1997,Vichy-Charmeil Airport,FR,"Charmeil, Allier",VHY
1998,Aurillac Airport,FR,Aurillac,AUR
1999,Ch√¢teauroux-D√©ols Marcel Dassault Airport,FR,"D√©ols, Indre",CHR
2000,Lyon Bron Airport,FR,"Chassieu, Lyon",LYN
2001,Cannes-Mandelieu Airport,FR,"Cannes, Alpes-Maritimes",CEQ
2002,Saint-√âtienne-Bouth√©on Airport,FR,"Andr√©zieux-Bouth√©on, Loire",EBU
2003,Carcassonne Airport,FR,Carcassonne/Salvaza,CCF
2004,Marseille Provence Airport,FR,"Marignane, Bouches-du-Rh√¥ne",MRS
2005,Nice-C√¥te d'Azur Airport,FR,"Nice, Alpes-Maritimes",NCE
2006,Perpignan-Rivesaltes (Llaban√®re) Airport,FR,Perpignan/Rivesaltes,PGF
2007,Le Castellet Airport,FR,"Le Castellet, Var",CTT
2008,Montpellier-M√©diterran√©e Airport,FR,Montpellier/M√©diterran√©e,MPL
2009,B√©ziers-Vias Airport,FR,B√©ziers/Vias,BZR
2010,Avignon-Caumont Airport,FR,"Avignon, Vaucluse",AVN
2011,Mende-Brenoux Airfield,FR,Mende/Br√©noux,MEN
2012,Paris-Beauvais Airport,FR,Till√©,BVA
2013,√âvreux-Fauville (BA 105) Air Base,FR,"Fauville, Eure",EVX
2014,Le Havre-Octeville Airport,FR,Le Havre,LEH
2015,Ch√¢lons-Vatry Airport,FR,Bussy-Lettr√©e,XCR
2016,Rouen Vall√©e de Seine Airport,FR,Boos,URO
2017,Tours Val de Loire Airport,FR,"Tours, Indre-et-Loire",TUF
2018,Laval-Entrammes Airport,FR,"Laval, Mayenne",LVA
2019,Paris-Le Bourget Airport,FR,"Paris (Le Bourget, Seine-Saint-Denis)",LBG
2020,Creil Air Base,FR,Creil,CSF
2021,Charles de Gaulle International Airport,FR,"Paris (Roissy-en-France, Val-d'Oise)",CDG
2022,Toussus-le-Noble Airport,FR,"Toussus-le-Noble, Yvelines",TNF
2023,Paris-Orly Airport,FR,"Paris (Orly, Val-de-Marne)",ORY
2024,Pontoise-Cormeilles Aerodrome,FR,"Cormeilles-en-Vexin, Val-d'Oise",POX
2025,V√©lizy-Villacoublay Air Base,FR,"V√©lizy-Villacoublay, Yvelines",VIY
2026,Nevers-Fourchambault Airport,FR,"Marzy, Ni√®vre",NVS
2027,Lille Airport,FR,Lesquin,LIL
2028,Merville-Calonne Airport,FR,"Merville, Nord",HZB
2029,Brest Bretagne Airport,FR,Brest/Guipavas,BES
2030,Cherbourg-Maupertus Airport,FR,"Gonneville-Le Theil, Manche",CER
2031,Dinard-Pleurtuit-Saint-Malo Airport,FR,"Pleurtuit, Ille-et-Vilaine",DNR
2032,La Baule-Escoublac Airport,FR,La Baule-Escoublac,LBY
2033,Granville Airport,FR,"Br√©ville-sur-Mer, Manche",GFR
2034,Deauville-Normandie Airport,FR,"Deauville, Calvados",DOL
2035,Lorient South Brittany (Bretagne Sud) Airport,FR,Lorient/Lann/Bihou√©,LRT
2036,La Roche-sur-Yon Airport,FR,La Roche-sur-Yon/Les Ajoncs,EDM
2037,Landivisiau Air Base,FR,Landivisiau,LDV
2038,Caen-Carpiquet Airport,FR,"Carpiquet, Calvados",CFR
2039,Le Mans-Arnage Airport,FR,"Le Mans, Sarthe",LME
2040,Rennes-Saint-Jacques Airport,FR,"Saint-Jacques-de-la-Lande, Ille-et-Vilaine",RNS
2041,Lannion-C√¥te de Granit Airport,FR,Lannion,LAI
2042,Quimper-Cornouaille Airport,FR,Quimper/Pluguffan,UIP
2043,Nantes Atlantique Airport,FR,Nantes,NTE
2044,Saint-Brieuc-Armor Airport,FR,"Tr√©muson, C√¥tes-d'Armor",SBK
2045,Morlaix-Ploujean Airport,FR,Morlaix/Ploujean,MXN
2046,Vannes-Meucon Airport,FR,Vannes/Meucon,VNE
2047,Saint-Nazaire-Montoir Airport,FR,Saint-Nazaire/Montoir,SNR
2048,EuroAirport Basel-Mulhouse-Freiburg,FR,Saint-Louis,BSL
2049,Dijon-Bourgogne Airport,FR,"Ouges, C√¥te-d'Or",DIJ
2050,√âpinal-Mirecourt Airport,FR,"Juvaincourt, Vosges",EPL
2051,Brive-Souillac,FR,Brive la Gaillarde,BVE
2052,Nancy-Essey Airport,FR,"Tomblaine, Meurthe-et-Moselle",ENC
2053,Strasbourg Airport,FR,Strasbourg,SXB
2054,Toulon-Hy√®res Airport,FR,"Hy√®res, Var",TLN
2055,Rize‚ÄìArtvin Airport,TR,Rize,RZV
2056,N√Æmes-Arles-Camargue Airport,FR,N√Æmes/Garons,FNI
2057,St Pierre Airport,PM,Saint-Pierre,FSP
2058,Andravida Air Base,GR,Andravida,PYR
2059,Alexandroupoli Democritus Airport,GR,Alexandroupolis,AXD
2060,Athens Eleftherios Venizelos International Airport,GR,Spata-Artemida,ATH
2061,Nea Anchialos National Airport,GR,Nea Anchialos,VOL
2062,Chios Island National Airport,GR,Chios Island,JKH
2063,Ioannina King Pyrrhus National Airport,GR,Ioannina,IOA
2064,Heraklion International Nikos Kazantzakis Airport,GR,Heraklion,HER
2065,Kefallinia Airport,GR,Kefallinia Island,EFL
2066,Kalamata Airport,GR,Kalamata,KLX
2067,Kos Airport,GR,Kos Island,KGS
2068,Karpathos Airport,GR,Karpathos Island,AOK
2069,Corfu Ioannis Kapodistrias International Airport,GR,Kerkyra (Corfu),CFU
2070,Kavala Alexander the Great International Airport,GR,Kavala,KVA
2071,Kozani National Airport Filippos,GR,Kozani,KZI
2072,Mykonos Island National Airport,GR,Mykonos,JMK
2073,Mytilene International Airport,GR,Mytilene,MJT
2074,Bicol International Airport,PH,Legazpi,DRP
2075,Aktion National Airport,GR,Preveza,PVK
2076,Diagoras Airport,GR,Rhodes,RHO
2077,Patras Araxos Agamemnon Airport,GR,Patras,GPA
2078,Chania International Airport,GR,Souda,CHQ
2079,Skiathos Island National Airport,GR,Skiathos,JSI
2080,Samos Airport,GR,Samos Island,SMI
2081,Santorini Airport,GR,Santorini Island,JTR
2082,Sitia Airport,GR,Crete Island,JSH
2083,Thessaloniki Macedonia International Airport,GR,Thessaloniki,SKG
2084,Zakynthos International Airport Dionysios Solomos,GR,Zakynthos,ZTH
2085,Budapest Liszt Ferenc International Airport,HU,Budapest,BUD
2086,Debrecen International Airport,HU,Debrecen,DEB
2087,P√©cs-Pog√°ny Airport,HU,Pog√°ny,PEV
2088,H√©v√≠z‚ÄìBalaton Airport,HU,S√°rmell√©k,SOB
2089,Crotone Sant'Anna Pythagoras Airport,IT,Isola di Capo Rizzuto (KR),CRV
2090,Bari Karol Wojty≈Ça International Airport,IT,Bari,BRI
2091,Foggia Gino Lisa Airport,IT,Foggia (FG),FOG
2092,Taranto-Grottaglie Marcello Arlotta Airport,IT,Grottaglie,TAR
2093,Lecce Galatina Air Base / Galatina Fortunato Cesari Airport,IT,Galatina (LE),LCC
2094,Abruzzo Airport,IT,Pescara,PSR
2095,Brindisi Airport,IT,Brindisi,BDS
2096,Lamezia Terme Sant'Eufemia International Airport,IT,Lamezia Terme (CZ),SUF
2097,Comiso Airport,IT,Comiso,CIY
2098,Catania-Fontanarossa Airport,IT,Catania,CTA
2099,Lampedusa Airport,IT,Lampedusa,LMP
2100,Pantelleria Airport,IT,Pantelleria (TP),PNL
2101,Falcone‚ÄìBorsellino Airport,IT,Palermo,PMO
2102,Reggio Calabria Airport,IT,Reggio Calabria,REG
2103,Vincenzo Florio Airport Trapani-Birgi,IT,Trapani (TP),TPS
2104,Sigonella Navy Air Base,IT,Sigonella (CT),NSY
2105,Alghero-Fertilia Airport,IT,Alghero,AHO
2106,Decimomannu Air Base,IT,Decimomannu,DCI
2107,Cagliari Elmas Airport,IT,Cagliari,CAG
2108,Olbia Costa Smeralda Airport,IT,Olbia (SS),OLB
2109,Tortol√¨ Airport,IT,Arbatax,TTB
2110,Milan Malpensa International Airport,IT,Ferno (VA),MXP
2111,Milan Bergamo Airport / Antonio Locatelli Air Base,IT,Orio al Serio (BG),BGY
2112,Turin Airport,IT,Caselle Torinese (TO),TRN
2113,Riviera Villanova d'Albenga International Airport,IT,Villanova d'Albenga (SV),ALL
2114,Genoa Cristoforo Colombo Airport,IT,Genova (GE),GOA
2115,Milano Linate Airport,IT,Segrate (MI),LIN
2116,Parma Airport,IT,Parma (PR),PMF
2117,Aosta Corrado Gex Airport,IT,Saint-Christophe (AO),AOT
2118,Cuneo International Airport,IT,Levaldigi (CN),CUF
2119,Aviano Air Base,IT,Aviano (PN),AVB
2120,Bolzano Airport,IT,Bolzano (BZ),BZO
2121,Bologna Guglielmo Marconi Airport,IT,Bologna,BLQ
2122,Treviso Antonio Canova Airport,IT,Treviso (TV),TSF
2123,Forl√¨ Luigi Ridolfi Airport,IT,Forl√¨ (FC),FRL
2124,Brescia Gabriele d'Annunzio Airport,IT,Montichiari (BS),VBS
2125,Trieste‚ÄìFriuli Venezia Giulia Airport,IT,Ronchi dei Legionari (GO),TRS
2126,Federico Fellini International Airport,IT,Rimini (RN),RMI
2127,Verona Villafranca Valerio Catullo Airport,IT,Caselle (VR),VRN
2128,Marche Airport,IT,Falconara Marittima (AN),AOI
2129,Venice Marco Polo Airport,IT,Venezia (VE),VCE
2130,Siena-Ampugnano Airport,IT,Ampugnano (SI),SAY
2131,Ciampino‚ÄìG. B. Pastine International Airport,IT,Rome,CIA
2132,Rome‚ÄìFiumicino Leonardo da Vinci International Airport,IT,Rome,FCO
2133,Salerno Costa d'Amalfi Airport,IT,Salerno,QSR
2134,Marina di Campo Airport,IT,Campo nell'Elba (LI),EBA
2135,Naples International Airport,IT,Napoli,NAP
2136,Pisa International Airport,IT,Pisa (PI),PSA
2137,"Florence Airport, Peretola",IT,Firenze (FI),FLR
2138,Grosseto Corrado Baccarini Air Base / Grosseto Airport,IT,Grosseto (GR),GRS
2139,Perugia San Francesco d'Assisi ‚Äì Umbria International Airport,IT,Perugia (PG),PEG
2140,Ljubljana Jo≈æe Puƒçnik Airport,SI,Zgornji Brnik,LJU
2141,Maribor Edvard Rusjan Airport,SI,Orehova Vas,MBX
2142,Portoro≈æ Airport,SI,Seƒçovlje,POW
2143,Kunovice Airport,CZ,Uhersk√© Hradi≈°tƒõ,UHE
2144,Karlovy Vary Airport,CZ,Karlovy Vary,KLV
2145,Ostrava Leos Jan√°ƒçek Airport,CZ,Mo≈°nov,OSR
2146,Pardubice Airport,CZ,Pardubice,PED
2147,P≈ôerov Air Base,CZ,P≈ôerov,PRV
2148,V√°clav Havel Airport Prague,CZ,Prague,PRG
2149,Brno-Tu≈ôany Airport,CZ,Brno,BRQ
2150,Vodochody Airport,CZ,Vodochody,VOD
2151,Ben Gurion International Airport,IL,Tel Aviv,TLV
2152,Ramon International Airport,IL,Eilat,ETM
2153,Haifa International Airport,IL,Haifa,HFA
2154,Rosh Pina Airport,IL,Rosh Pina,RPN
2155,Bar Yehuda Airfield,IL,Masada,MTZ
2156,Nevatim Air Base,IL,Beersheba,VTM
2157,Ramon Air Base,IL,Beersheba,MIP
2158,Malta International Airport,MT,Valletta,MLA
2159,Graz Airport,AT,Feldkirchen bei Graz,GRZ
2160,Innsbruck Airport,AT,Innsbruck,INN
2161,Klagenfurt Airport,AT,Klagenfurt am W√∂rthersee,KLU
2162,Linz-H√∂rsching Airport / Vogler Air Base,AT,Linz,LNZ
2163,Salzburg Airport,AT,Salzburg,SZG
2164,Vienna International Airport,AT,Vienna,VIE
2165,Alverca Air Base,PT,Vila Franca de Xira,AVR
2166,Santa Maria Airport,PT,Vila do Porto,SMA
2167,Bragan√ßa Airport,PT,Bragan√ßa,BGC
2168,Beja Airport / Airbase,PT,Beja,BYJ
2169,Braga Municipal Aerodrome,PT,Braga,BGZ
2170,Aerodromo Municipal de Coimbra,PT,Coimbra,CBP
2171,Cascais Airport,PT,Cascais,CAT
2172,Flores Airport,PT,Santa Cruz das Flores,FLW
2173,Faro Airport,PT,Faro,FAO
2174,Graciosa Airport,PT,Santa Cruz da Graciosa,GRW
2175,Horta Airport,PT,Horta,HOR
2176,Lajes Airport,PT,Praia da Vit√≥ria,TER
2177,Madeira International Airport Cristiano Ronaldo,PT,Funchal,FNC
2178,Jo√£o Paulo II Airport,PT,Ponta Delgada,PDL
2179,Pico Airport,PT,Pico Island,PIX
2180,Portim√£o Airport,PT,Portim√£o,PRM
2181,Francisco de S√° Carneiro Airport,PT,Porto,OPO
2182,Porto Santo Airport,PT,Vila Baleira,PXO
2183,Humberto Delgado Airport (Lisbon Portela Airport),PT,Lisbon,LIS
2184,S√£o Jorge Airport,PT,Velas,SJZ
2185,Vila Real Airport,PT,Vila Real,VRL
2186,Aerodromo Goncalves Lobato (Viseu Airport),PT,Viseu,VSE
2187,Banja Luka International Airport,BA,Mahovljani,BNX
2188,Mostar International Airport,BA,Mostar,OMO
2189,Sarajevo International Airport,BA,Sarajevo,SJJ
2190,Tuzla International Airport,BA,Dubrave Gornje,TZL
2191,Arad International Airport,RO,Arad,ARW
2192,BacƒÉu George Enescu International  Airport,RO,BacƒÉu,BCM
2193,Maramure»ô International Airport,RO,TƒÉu»õii-MƒÉgherƒÉu»ô,BAY
2194,Bucharest BƒÉneasa Aurel Vlaicu International Airport,RO,Bucharest,BBU
2195,Mihail KogƒÉlniceanu International Airport,RO,Mihail KogƒÉlniceanu,CND
2196,Cluj Avram Iancu International Airport,RO,Cluj-Napoca,CLJ
2197,Caransebe≈ü Airport,RO,Caransebe≈ü,CSB
2198,Craiova International Airport,RO,Craiova,CRA
2199,Ia≈üi Airport,RO,Ia≈üi,IAS
2200,Oradea International Airport,RO,Oradea,OMR
2201,Bucharest Henri CoandƒÉ International Airport,RO,Otopeni,OTP
2202,Bra»ôov-Ghimbav International Airport,RO,Bra»ôov (Ghimbav),GHV
2203,Sibiu International Airport,RO,Sibiu,SBZ
2204,Satu Mare International Airport,RO,Satu Mare,SUJ
2205,Suceava Stefan cel Mare Airport,RO,Suceava,SCV
2206,Tulcea Danube Delta Airport,RO,Mihail KogƒÉlniceanu,TCE
2207,T√¢rgu Mure≈ü Transilvania International Airport,RO,Recea,TGM
2208,Timi≈üoara Traian Vuia Airport,RO,Timi≈üoara,TSR
2209,Geneva Cointrin International Airport,CH,Geneva,GVA
2210,Sion Airport,CH,Sion,SIR
2211,Emmen Air Base,CH,Emmen,EML
2212,Payerne Air Base,CH,Payerne,VIP
2213,Lugano Airport,CH,Agno,LUG
2214,Bern Airport,CH,Bern,BRN
2215,Z√ºrich Airport,CH,Zurich,ZRH
2216,Sankt Gallen Altenrhein Airport,CH,St. Gallen,ACH
2217,Samedan Airport,CH,Samedan,SMV
2218,Esenboƒüa International Airport,TR,Ankara,ESB
2219,Etimesgut Air Base,TR,Ankara,ANK
2220,Adana ≈ûakirpa≈üa Airport,TR,Seyhan,ADA
2221,ƒ∞ncirlik Air Base,TR,Sarƒ±√ßam,UAB
2222,Afyon Air Base,TR,Afyonkarahisar,AFY
2223,Antalya International Airport,TR,Antalya,AYT
2224,Gaziantep International Airport,TR,Gaziantep,GZT
2225,Kastamonu Airport,TR,Kastamonu,KFS
2226,Konya Airport,TR,Konya,KYA
2227,Zonguldak √áaycuma Airport,TR,Zonguldak,ONQ
2228,Malatya Erha√ß Airport,TR,Malatya,MLX
2229,Kayseri Erkilet Airport,TR,Kayseri,ASR
2230,Tokat Airport,TR,Tokat,TJK
2231,√áardak Airport,TR,Denizli,DNZ
2232,ƒ∞stanbul Atat√ºrk Airport,TR,"Bakƒ±rk√∂y, Istanbul",ISL
2233,Balƒ±kesir Airport,TR,Balƒ±kesir,BZI
2234,Bandƒ±rma Airport,TR,Bandƒ±rma,BDM
2235,√áanakkale Airport,TR,√áanakkale,CKZ
2236,Adnan Menderes International Airport,TR,Gaziemir,ADB
2237,√áiƒüli Airbase,TR,√áiƒüli,IGL
2238,U≈üak Airport,TR,U≈üak,USQ
2239,Cengiz Topel Airport,TR,Kartepe,KCO
2240,Bursa Yeni≈üehir Airport,TR,Yeni≈üehir,YEI
2241,Dalaman International Airport,TR,Dalaman,DLM
2242,Tekirdaƒü √áorlu Airport,TR,√áorlu,TEQ
2243,Anadolu Airport,TR,Eski≈üehir,AOE
2244,Elazƒ±ƒü Airport,TR,Elazƒ±ƒü,EZS
2245,Ordu‚ÄìGiresun Airport,TR,Ordu,OGU
2246,Diyarbakƒ±r Airport,TR,Diyarbakƒ±r,DIY
2247,Erzincan Airport,TR,Erzincan,ERC
2248,Erzurum International Airport,TR,Erzurum,ERZ
2249,Kars Airport,TR,Kars,KSY
2250,Trabzon International Airport,TR,Trabzon,TZX
2251,Van Ferit Melen Airport,TR,Van,VAN
2252,Batman Airport,TR,Batman,BAL
2253,Mu≈ü Airport,TR,Mu≈ü,MSR
2254,Siirt Airport,TR,Siirt,SXZ
2255,Sinop Airport,TR,Sinop,NOP
2256,Kahramanmara≈ü Airport,TR,Kahramanmara≈ü,KCM
2257,Aƒürƒ± Airport,TR,Aƒürƒ±,AJI
2258,Adƒ±yaman Airport,TR,Adƒ±yaman,ADF
2259,Mardin Airport,TR,Mardin,MQM
2260,≈ûanlƒ±urfa GAP Airport,TR,≈ûanlƒ±urfa,GNY
2261,Iƒüdƒ±r Airport,TR,Iƒüdƒ±r,IGD
2262,≈ûƒ±rnak ≈ûerafettin El√ßi Airport,TR,≈ûƒ±rnak,NKT
2263,Hakkari Y√ºksekova Airport,TR,Hakkari,YKO
2264,Hatay Airport,TR,Antakya,HTY
2265,S√ºleyman Demirel International Airport,TR,Isparta,ISE
2266,Balƒ±kesir Koca Seyit Airport,TR,Edremit,EDO
2267,Milas Bodrum International Airport,TR,Bodrum,BJV
2268,Gazipa≈üa-Alanya Airport,TR,Gazipa≈üa,GZP
2269,Samsun-√áar≈üamba Airport,TR,Samsun,SZF
2270,Istanbul Sabiha G√∂k√ßen International Airport,TR,"Pendik, Istanbul",SAW
2271,ƒ∞stanbul Airport,TR,"Arnavutk√∂y, Istanbul",IST
2272,BƒÉl»õi International Airport,MD,BƒÉl»õi,BZY
2273,Chi≈üinƒÉu International Airport,MD,Chi≈üinƒÉu,RMO
2274,Ohrid St. Paul the Apostle Airport,MK,Ohrid,OHD
2275,Skopje International Airport,MK,Ilinden,SKP
2276,Gibraltar Airport,GI,Gibraltar,GIB
2277,Brak Airport,LY,Brak,BCQ
2278,Ponikve Airport,RS,Stapari,UZC
2279,Belgrade Nikola Tesla Airport,RS,Belgrade,BEG
2280,Batajnica Air Base,RS,Zemun,BJY
2281,Morava Airport,RS,Kraljevo,KVO
2282,Ni≈° Constantine the Great Airport,RS,Ni≈°,INI
2283,Podgorica Airport / Podgorica Golubovci Airbase,ME,Podgorica,TGD
2284,Tivat Airport,ME,Tivat,TIV
2285,Langzhong Gucheng Airport,CN,Nanchong (Langzhong),LZG
2286,M. R. ≈†tef√°nik Airport,SK,Bratislava,BTS
2287,Ko≈°ice International Airport,SK,Ko≈°ice,KSC
2288,Pie≈°≈•any Airport,SK,Pie≈°≈•any,PZY
2289,Sliaƒç Airport,SK,Sliaƒç,SLD
2290,Poprad-Tatry Airport,SK,Poprad,TAT
2291,≈Ωilina-Doln√Ω Hriƒçov Airport,SK,Doln√Ω Hriƒçov,ILZ
2292,JAGS McCartney International Airport,TC,Cockburn Town,GDT
2293,North Caicos Airport,TC,North Caicos,NCA
2294,Providenciales International Airport,TC,Providenciales,PLS
2295,South Caicos Airport,TC,South Caicos,XSC
2296,Maria Montez International Airport,DO,Barahona,BRX
2297,Cabo Rojo Airport,DO,Cabo Rojo,CBJ
2298,Saman√° El Catey International Airport,DO,Samana,AZS
2299,La Isabela International Airport,DO,La Isabela,JBQ
2300,Casa De Campo International Airport,DO,La Romana,LRM
2301,Punta Cana International Airport,DO,Punta Cana,PUJ
2302,Gregorio Luperon International Airport,DO,Puerto Plata,POP
2303,Las Am√©ricas International Airport,DO,Santo Domingo,SDQ
2304,Cibao International Airport,DO,Santiago,STI
2305,Coban Airport,GT,Coban,CBV
2306,La Aurora Airport,GT,Guatemala City,GUA
2307,Puerto Barrios Airport,GT,Puerto Barrios,PBR
2308,Rubelsanto Airport,GT,Rubelsanto,RUV
2309,Retalhuleu Airport,GT,Retalhuleu,RER
2310,San Jos√© Airport,GT,Puerto San Jos√©,GSJ
2311,Mundo Maya International Airport,GT,San Benito,FRS
2312,Goloson International Airport,HN,La Ceiba,LCE
2313,Ram√≥n Villeda Morales International Airport,HN,San Pedro Sula,SAP
2314,La Laguna Airport,HN,Guanaja,GJA
2315,Juan Manuel G√°lvez International Airport,HN,Coxen Hole,RTB
2316,Palmerola International Airport / Jos√© Enrique Soto Cano Air Base,HN,Palmerola,XPL
2317,Tela Airport,HN,Tela,TEA
2318,Toncont√≠n International Airport,HN,Tegucigalpa,TGU
2319,Trujillo Airport,HN,Trujillo,TJI
2320,Ian Fleming International Airport,JM,Boscobel,OCJ
2321,Norman Manley International Airport,JM,Kingston,KIN
2322,Sangster International Airport,JM,Montego Bay,MBJ
2323,Ken Jones Airport,JM,Ken Jones,POT
2324,Tinson Pen Airport,JM,Tinson Pen,KTP
2325,General Juan N. √Ålvarez International Airport,MX,Acapulco,ACA
2326,Del Norte International Airport,MX,Monterrey,NTR
2327,Jes√∫s Ter√°n Peredo International Airport,MX,Aguascalientes,AGU
2328,Bah√≠as de Huatulco International Airport,MX,Huatulco,HUX
2329,General Mariano Matamoros International Airport,MX,Temixco,CVJ
2330,Ciudad del Carmen International Airport,MX,Ciudad del Carmen,CME
2331,Bachigualato Federal International Airport,MX,Culiac√°n,CUL
2332,Chetumal International Airport,MX,Chetumal,CTM
2333,Ciudad Obreg√≥n International Airport,MX,Ciudad Obreg√≥n,CEN
2334,Ingeniero Alberto Acu√±a Ongay International Airport,MX,Campeche,CPE
2335,Abraham Gonz√°lez International Airport,MX,Ciudad Ju√°rez,CJS
2336,General Roberto Fierro Villalobos International Airport,MX,Chihuahua,CUU
2337,General Pedro Jose Mendez International Airport,MX,Ciudad Victoria,CVM
2338,Captain Rogelio Castillo National Airport,MX,Celaya,CYW
2339,Cozumel International Airport,MX,Cozumel,CZM
2340,General Guadalupe Victoria International Airport,MX,Durango,DGO
2341,Amado Nervo National Airport,MX,Tepic,TPQ
2342,Guadalajara International Airport,MX,Guadalajara,GDL
2343,General Jos√© Mar√≠a Y√°√±ez International Airport,MX,Guaymas,GYM
2344,General Ignacio P. Garcia International Airport,MX,Hermosillo,HMO
2345,Licenciado Miguel de la Madrid International Airport,MX,Colima,CLQ
2346,Plan De Guadalupe International Airport,MX,Saltillo,SLW
2347,General Antonio C√°rdenas Rodr√≠guez National Airport / Ixtepec Air Base,MX,Ixtepec,IZT
2348,El Lencero Airport,MX,Xalapa,JAL
2349,L√°zaro C√°rdenas Airport,MX,L√°zaro C√°rdenas,LZC
2350,Valle del Fuerte International Airport,MX,Los Mochis,LMM
2351,Del Baj√≠o International Airport,MX,Silao,BJX
2352,Manuel M√°rquez de Le√≥n International Airport,MX,La Paz,LAP
2353,Loreto International Airport,MX,Loreto,LTO
2354,General Servando Canales International Airport,MX,Matamoros,MAM
2355,Manuel Crescencio Rej√≥n International Airport,MX,M√©rida,MID
2356,General Rodolfo S√°nchez Taboada International Airport,MX,Mexicali,MXL
2357,General Francisco J. Mujica International Airport,MX,Morelia,MLM
2358,Minatitl√°n/Coatzacoalcos International Airport,MX,Cosoleacaque,MTT
2359,Monclova International Airport,MX,Monclova,LOV
2360,Benito Ju√°rez International Airport,MX,Ciudad de M√©xico,MEX
2361,Monterrey International Airport,MX,Monterrey,MTY
2362,General Rafael Buelna International Airport,MX,Mazatl√†n,MZT
2363,Quetzalc√≥atl International Airport,MX,Nuevo Laredo,NLD
2364,Xoxocotl√°n International Airport,MX,Oaxaca,OAX
2365,El Taj√≠n National Airport,MX,Poza Rica,PAZ
2366,Hermanos Serd√°n International Airport,MX,Puebla,PBC
2367,Piedras Negras International Airport,MX,Piedras Negras,PDS
2368,Uruapan - Licenciado y General Ignacio Lopez Rayon International Airport,MX,Uruapan,UPN
2369,Puerto Vallarta International Airport,MX,Puerto Vallarta,PVR
2370,Puerto Escondido International Airport,MX,Puerto Escondido,PXM
2371,Quer√©taro Intercontinental Airport,MX,Quer√©taro,QRO
2372,General Lucio Blanco International Airport,MX,Reynosa,REX
2373,Los Cabos International Airport,MX,San Jos√© del Cabo,SJD
2374,General Felipe √Ångeles International Airport,MX,Mexico City,NLU
2375,Ponciano Arriaga International Airport,MX,San Luis Potos√≠,SLP
2376,Francisco Sarabia Tinoco International Airport,MX,Torre√≥n,TRC
2377,Angel Albino Corzo International Airport,MX,Tuxtla Guti√©rrez,TGZ
2378,General Abelardo L. Rodriguez International Airport,MX,Tijuana,TIJ
2379,Felipe Carrillo Puerto International Airport,MX,Tulum,TQO
2380,General Francisco Javier Mina International Airport,MX,Tampico,TAM
2381,Adolfo L√≥pez Mateos International Airport,MX,Toluca,TLC
2382,Tapachula International Airport,MX,Tapachula,TAP
2383,Canc√∫n International Airport,MX,Canc√∫n,CUN
2384,Carlos Rovirosa P√©rez International Airport,MX,Villahermosa,VSA
2385,General Heriberto Jara International Airport,MX,Veracruz,VER
2386,General Leobardo C. Ruiz International Airport,MX,Zacatecas,ZCL
2387,Ixtapa-Zihuatanejo International Airport,MX,Ixtapa,ZIH
2388,Playa de Oro International Airport,MX,Manzanillo,ZLO
2389,Bluefields Airport,NI,Bluefileds,BEF
2390,Augusto C. Sandino (Managua) International Airport,NI,Managua,MGA
2391,Puerto Cabezas Airport,NI,Puerto Cabezas,PUZ
2392,Bocas del Toro International Airport,PA,Isla Col√≥n,BOC
2393,Alonso Valderrama Airport,PA,Chitr√©,CTD
2394,Changuinola Captain Manuel Ni√±o International Airport,PA,Changuinola,CHX
2395,Enrique Malek International Airport,PA,David,DAV
2396,Enrique Adolfo Jimenez Airport,PA,Col√≥n,ONX
2397,Marcos A. Gelabert International Airport,PA,Albrook,PAC
2398,Ruben Cantu Airport,PA,Santiago,SYP
2399,Tocumen International Airport,PA,Tocumen,PTY
2400,Buenos Aires Airport,CR,Punta Arenas,BAI
2401,Barra del Colorado Airport,CR,Pococi,BCL
2402,Coto 47 Airport,CR,Corredores,OTR
2403,Golfito Airport,CR,Golfito,GLF
2404,Guapiles Airport,CR,Pococi,GPL
2405,Guanacaste Airport,CR,Liberia,LIR
2406,Los Chiles Airport,CR,Los Chiles,LSL
2407,Limon International Airport,CR,Puerto Limon,LIO
2408,Nosara Airport,CR,Nicoya,NOB
2409,Juan Santamar√≠a International Airport,CR,San Jos√© (Alajuela),SJO
2410,Puerto Jimenez Airport,CR,Puerto Jimenez,PJM
2411,Palmar Sur Airport,CR,Palmar Sur,PMZ
2412,Tob√≠as Bola√±os International Airport,CR,San Jose,SYQ
2413,Quepos Managua Airport,CR,Quepos,XQP
2414,Upala Airport,CR,Upala,UPL
2415,Monse√±or √ìscar Arnulfo Romero International Airport,SV,San Salvador (San Luis Talpa),SAL
2416,Ilopango International Airport,SV,San Salvador,ILS
2417,Les Cayes Airport,HT,Les Cayes,CYA
2418,Cap Haitien International Airport,HT,Cap Haitien,CAP
2419,Jacmel Airport,HT,Jacmel,JAK
2420,J√©r√©mie Airport,HT,Jeremie,JEE
2421,Toussaint Louverture International Airport,HT,Port-au-Prince,PAP
2422,Port-de-Paix Airport,HT,Port-de-Paix,PAX
2423,Gustavo Rizo Airport,CU,Baracoa,BCA
2424,Carlos Manuel de Cespedes Airport,CU,Bayamo,BYM
2425,M√°ximo G√≥mez Airport,CU,Ciro Redondo,AVI
2426,Jardines Del Rey Airport,CU,Cayo Coco,CCC
2427,Jaime Gonzalez Airport,CU,Cienfuegos,CFG
2428,Vilo Acu√±a International Airport,CU,Cayo Largo del Sur,CYO
2429,Ignacio Agramonte International Airport,CU,Camaguey,CMW
2430,Antonio Maceo International Airport,CU,Santiago,SCU
2431,Leeward Point Field,CU,Guantanamo Bay Naval Station,NBW
2432,Mariana Grajales Airport,CU,Guant√°namo,GAO
2433,Jos√© Mart√≠ International Airport,CU,Havana,HAV
2434,Frank Pais International Airport,CU,Holguin,HOG
2435,Kawama Airport,CU,Santa Marta,VRO
2436,La Coloma Airport,CU,Pinar del Rio,LCL
2437,Orestes Acosta Airport,CU,Moa,MOA
2438,Sierra Maestra International Airport,CU,Manzanillo,MZO
2439,Rafael Cabrera Airport,CU,Nueva Gerona,GER
2440,Playa Baracoa Airport,CU,Havana,UPB
2441,Abel Santamaria Airport,CU,Santa Clara,SNU
2442,San Juli√°n Air Base,CU,Sandino,SNJ
2443,Siguanea Airport,CU,Isla de la Juventud,SZJ
2444,Alberto Delgado Airport,CU,Trinidad,TND
2445,Juan Gualberto Gomez International Airport,CU,Matanzas,VRA
2446,Hermanos Ameijeiras Airport,CU,Las Tunas,VTU
2447,Charles Kirkconnell International Airport,KY,West End,CYB
2448,Edward Bodden Little Cayman Airfield,KY,Blossom Village,LYB
2449,Owen Roberts International Airport,KY,George Town,GCM
2450,Clarence A. Bain Airport,BS,Mangrove Cay,MAY
2451,Congo Town Airport,BS,Andros,TZN
2452,Leonard M Thompson International Airport,BS,Marsh Harbour,MHH
2453,San Andros Airport,BS,Andros Island,SAQ
2454,Spring Point Airport,BS,Spring Point,AXP
2455,Treasure Cay Airport,BS,Treasure Cay,TCB
2456,Great Harbour Cay Airport,BS,Bullocks Harbour,GHC
2457,South Bimini Airport,BS,South Bimini,BIM
2458,Arthur's Town Airport,BS,Arthur's Town,ATC
2459,New Bight Airport,BS,Cat Island,TBI
2460,Colonel Hill Airport,BS,Colonel Hill,CRI
2461,Exuma International Airport,BS,Moss Town,GGT
2462,North Eleuthera Airport,BS,North Eleuthera,ELH
2463,Governor's Harbour Airport,BS,Governor's Harbour,GHB
2464,Normans Cay Airport,BS,Normans Cay,NMC
2465,Rock Sound Airport,BS,Rock Sound,RSD
2466,Grand Bahama International Airport,BS,Freeport,FPO
2467,Inagua Airport,BS,Matthew Town,IGA
2468,Deadman's Cay Airport,BS,Deadman's Cay,LGI
2469,Stella Maris Airport,BS,Stella Maris,SML
2470,Mayaguana Airport,BS,Abrahams Bay,MYG
2471,Lynden Pindling International Airport,BS,Nassau,NAS
2472,San Salvador Airport,BS,San Salvador,ZSA
2473,Philip S. W. Goldson International Airport,BZ,Belize City,BZE
2474,Changbaishan Airport,CN,Baishan,NBS
2475,Rarotonga International Airport,CK,Avarua,RAR
2476,Nadi International Airport,FJ,Nadi,NAN
2477,Nausori International Airport,FJ,Nausori,SUV
2478,Labasa Airport,FJ,Labasa,LBS
2479,Fua'amotu International Airport,TO,Nuku'alofa,TBU
2480,Lifuka Island Airport,TO,Lifuka,HPA
2481,Vava'u International Airport,TO,Vava'u Island,VAV
2482,Gombe Lawanti International Airport,NG,Gombe,GMO
2483,Warri Airport,NG,Warri,QRW
2484,Funafuti International Airport,TV,Funafuti,FUN
2485,Bonriki International Airport,KI,Tarawa,TRW
2486,Niue International Airport,NU,Alofi,IUE
2487,Ninglang Luguhu Airport,CN,Ninglang,NLH
2488,Hihifo Airport,WF,Wallis Island,WLS
2489,Pokhara International Airport,NP,Pokhara,PKR
2490,Faleolo International Airport,WS,Apia,APW
2491,Pago Pago International Airport,AS,Pago Pago,PPG
2492,Faa'a International Airport,PF,Papeete,PPT
2493,Anaa Airport,PF,Anaa,AAA
2494,Fangatau Airport,PF,Fangatau,FGU
2495,Reao Airport,PF,Reao,REA
2496,Kaukura Airport,PF,Raitahiti,KKR
2497,Makemo Airport,PF,Makemo,MKP
2498,Ahe Airport,PF,Ahe Atoll,AHE
2499,Nuku Hiva Airport,PF,Nuku Hiva,NHV
2500,Hiva Oa-Atuona Airport,PF,Hiva Oa Island,AUQ
2501,Bora Bora Airport,PF,Motu Mute,BOB
2502,Huahine-Fare Airport,PF,Fare,HUH
2503,Moorea Temae Airport,PF,Moorea-Maiao,MOZ
2504,Hao Airport,PF,Otepa,HOI
2505,Raiatea Airport,PF,Uturoa,RFP
2506,Gaua Island Airport,VU,Gaua Island,ZGU
2507,Santo Pekoa International Airport,VU,Luganville,SON
2508,Bauerfield International Airport,VU,Port Vila,VLI
2509,Tiga Airport,NC,Tiga,TGJ
2510,Kon√© Airport,NC,Kon√©,KNQ
2511,√éle des Pins Airport,NC,√éle des Pins,ILP
2512,Lifou Airport,NC,Lifou,LIF
2513,Noum√©a Magenta Airport,NC,Noum√©a,GEA
2514,Mar√© Airport,NC,Mar√©,MEE
2515,Touho Airport,NC,Touho,TOU
2516,Ouv√©a Airport,NC,Ouv√©a,UVE
2517,La Tontouta International Airport,NC,Noum√©a (La Tontouta),NOU
2518,Auckland International Airport,NZ,Auckland,AKL
2519,Taupo Airport,NZ,Taupo,TUO
2520,Ardmore Airport,NZ,Manurewa,AMZ
2521,Christchurch International Airport,NZ,Christchurch,CHC
2522,Chatham Islands / Tuuta Airport,NZ,Te One,CHT
2523,Dunedin International Airport,NZ,Dunedin,DUD
2524,Gisborne Airport,NZ,Gisborne,GIS
2525,Glentanner Airport,NZ,Glentanner Station,GTN
2526,Hamilton International Airport,NZ,Hamilton,HLZ
2527,Kerikeri Airport,NZ,Kerikeri,KKE
2528,Kaitaia Airport,NZ,Awanui,KAT
2529,Alexandra Aerodrome,NZ,Alexandra,ALR
2530,Hood Airport,NZ,Masterton,MRO
2531,New Plymouth Airport,NZ,New Plymouth,NPL
2532,Hawke's Bay Airport,NZ,Napier,NPE
2533,Nelson Airport,NZ,Nelson,NSN
2534,Invercargill Airport,NZ,Invercargill,IVC
2535,Palmerston North Airport,NZ,Palmerston North,PMR
2536,Queenstown International Airport,NZ,Queenstown,ZQN
2537,Rotorua Regional Airport,NZ,Rotorua,ROT
2538,Tauranga Airport,NZ,Tauranga,TRG
2539,Pukaki Airport,NZ,Twitzel,TWZ
2540,Woodbourne Airport,NZ,Blenheim,BHE
2541,Wanaka Airport,NZ,Wanaka,WKA
2542,Wellington International Airport,NZ,Wellington,WLG
2543,Wairoa Airport,NZ,Wairoa,WIR
2544,Whangarei Airport,NZ,Whangarei,WRE
2545,Westport Airport,NZ,Westport,WSZ
2546,Wanganui Airport,NZ,Wanganui,WAG
2547,Herat - Khwaja Abdullah Ansari International Airport,AF,Guzara,HEA
2548,Bagram Airfield,AF,Bagram,OAI
2549,Jalalabad Airport,AF,Jalalabad,JAA
2550,Kabul International Airport,AF,Kabul,KBL
2551,Ahmad Shah Baba International Airport / Kandahar Airfield,AF,Khvoshab,KDH
2552,Maymana Zahiraddin Faryabi Airport,AF,Maymana,MMZ
2553,Mazar-i-Sharif International Airport,AF,Mazar-i-Sharif,MZR
2554,Kunduz Airport,AF,Kunduz,UND
2555,Bahrain International Airport,BH,Manama,BAH
2556,Abha International Airport,SA,Abha,AHB
2557,Al-Ahsa International Airport,SA,Hofuf,HOF
2558,King Saud Bin Abdulaziz (Al Baha) Airport,SA,Al-Baha,ABT
2559,Bisha Airport,SA,Bisha,BHH
2560,King Fahd International Airport,SA,Ad Dammam,DMM
2561,King Salman Abdulaziz Airport,SA,Dawadmi,DWD
2562,King Abdulaziz Air Base,SA,Dhahran,DHA
2563,Jizan Regional Airport / King Abdullah bin Abdulaziz Airport,SA,Jizan,GIZ
2564,Gassim Airport,SA,Buraidah,ELQ
2565,Gurayat Domestic Airport,SA,Gurayat,URY
2566,Ha'il Airport,SA,Ha'il,HAS
2567,Jubail Airport,SA,Jubail,QJB
2568,King Abdulaziz International Airport,SA,Jeddah,JED
2569,King Khaled Military City Airport,SA,King Khaled Military City,KMC
2570,King Khalid Air Base,SA,Khamis Mushait,KMX
2571,Prince Mohammad Bin Abdulaziz Airport,SA,Medina,MED
2572,Najran Domestic Airport,SA,Najran,EAM
2573,Neom Bay Airport,SA,Sharma,NUM
2574,Al Qaisumah/Hafr Al Batin Airport,SA,Qaisumah,AQI
2575,Rafha Domestic Airport,SA,Rafha,RAH
2576,King Khaled International Airport,SA,Riyadh,RUH
2577,Arar Domestic Airport,SA,Arar,RAE
2578,Sharurah Domestic Airport,SA,Sharurah,SHW
2579,Al-Jawf Domestic Airport,SA,Al-Jawf,AJF
2580,Tabuk Airport,SA,Tabuk,TUU
2581,Ta‚Äôif Regional Airport,SA,Ta‚Äôif,TIF
2582,Turaif Domestic Airport,SA,Turaif,TUI
2583,Wadi Al Dawasir Domestic Airport,SA,Wadi Al Dawasir,WAE
2584,Al Wajh Domestic Airport,SA,Al Wajh,EJH
2585,Prince Abdul Mohsin bin Abdulaziz International Airport / Yanbu Airport,SA,Yanbu,YNB
2586,Abadan Airport,IR,Abadan,ABD
2587,Dezful Airport,IR,Dezful,DEF
2588,Aghajari Airport,IR,Aghajari,AKW
2589,Gachsaran Airport,IR,Gachsaran,GCH
2590,Shahid Asiyaee Airport,IR,Masjed Soleyman,QMJ
2591,Mahshahr Airport,IR,Mahshahr,MRX
2592,Lieutenant General Qasem Soleimani International Airport,IR,Ahvaz,AWZ
2593,Abu Musa Island Airport,IR,Abu Musa,AEU
2594,Bushehr Airport,IR,Bushehr,BUZ
2595,Jam Airport,IR,Jam,KNR
2596,Kish International Airport,IR,Kish Island,KIH
2597,Bandar Lengeh International Airport,IR,Bandar Lengeh,BDH
2598,Persian Gulf International Airport,IR,Khiyaroo,PGU
2599,Khark Airport,IR,Khark,KHK
2600,Siri Airport,IR,Siri,SXI
2601,Lavan Airport,IR,Lavan Airport,LVP
2602,Shahid Ashrafi Esfahani Airport,IR,Kermanshah,KSH
2603,Ilam Airport,IR,Ilam,IIL
2604,Kashan Airport,IR,Kashan,KKS
2605,Isfahan Shahid Beheshti International Airport,IR,Isfahan,IFN
2606,Shahrekord Airport,IR,Shahrekord,CQD
2607,Sardar-e-Jangal Airport,IR,Rasht,RAS
2608,Hamadan Airport,IR,Hamadan,HDM
2609,Nojeh Air Base,IR,Amirabad,NUJ
2610,Imam Khomeini International Airport,IR,Tehran,IKA
2611,Mehrabad International Airport,IR,Tehran,THR
2612,Qazvin Airport,IR,Qazvin,GZW
2613,Payam Karaj International Airport,IR,Karaj,PYK
2614,Bandar Abbas International Airport,IR,Bandar Abbas,BND
2615,Jiroft Airport,IR,Jiroft,JYR
2616,Ayatollah Hashemi Rafsanjani International Airport,IR,Kerman,KER
2617,Bam Airport,IR,Bam,BXR
2618,Rafsanjan Airport,IR,Rafsanjan,RJN
2619,Sirjan Airport,IR,Sirjan,SYJ
2620,Birjand International Airport,IR,Birjand,XBJ
2621,Sarakhs Airport,IR,Sarakhs,CKT
2622,Mashhad International Airport,IR,Mashhad,MHD
2623,Bojnord Airport,IR,Bojnord,BJB
2624,Sabzevar National Airport,IR,Sabzevar,AFZ
2625,Tabas Airport,IR,Tabas,TCX
2626,Gorgan Airport,IR,Gorgan,GBT
2627,Nowshahr Airport,IR,Nowshahr,NSH
2628,Ramsar Airport,IR,Ramsar,RZR
2629,Sari Dasht-e Naz International Airport,IR,Sari,SRY
2630,Fasa Airport,IR,Fasa,FAZ
2631,Lar Airport,IR,Lar,LRR
2632,Lamerd Airport,IR,Lamerd,LFM
2633,Shiraz Shahid Dastghaib International Airport,IR,Shiraz,SYZ
2634,Yasuj Airport,IR,Yasuj,YES
2635,Ardabil Airport,IR,Ardabil,ADU
2636,Urmia Airport,IR,Urmia,OMH
2637,Tabriz International Airport,IR,Tabriz,TBZ
2638,Maku National Airport,IR,Showt,IMQ
2639,Zanjan Airport,IR,Zanjan,JWN
2640,Shahid Sadooghi Airport,IR,Yazd,AZD
2641,Zabol Airport,IR,Zabol,ACZ
2642,Chabahar Konarak International Airport,IR,Konarak,ZBR
2643,Zahedan International Airport,IR,Zahedan,ZAH
2644,Iranshahr Airport,IR,Iranshahr,IHR
2645,Queen Alia International Airport,JO,Amman,AMM
2646,Amman Civil (Marka International) Airport,JO,Amman,ADJ
2647,Aqaba King Hussein International Airport,JO,Aqaba,AQJ
2648,Ahmed Al Jaber Air Base,KW,Ahmed Al Jaber AB,XIJ
2649,Kuwait International Airport,KW,Kuwait City,KWI
2650,Beirut Rafic Hariri International Airport,LB,Beirut,BEY
2651,Rene Mouawad Air Base / Kleyate Airport,LB,Tripoli,KYE
2652,Duqm International Airport,OM,Duqm,DQM
2653,Mussanah Airport,OM,Al Masna'ah,MNH
2654,Zayed International Airport,AE,Abu Dhabi,AUH
2655,Al Bateen Executive Airport,AE,Abu Dhabi,AZI
2656,Al Ain International Airport,AE,Al Ain,AAN
2657,Sir Bani Yas Airport,AE,Sir Bani Yas,XSB
2658,Dubai International Airport,AE,Dubai,DXB
2659,Al Minhad Air Base,AE,Dubai,NHD
2660,Al Maktoum International Airport,AE,Jebel Ali,DWC
2661,Fujairah International Airport,AE,Fujairah,FJR
2662,Ras Al Khaimah International Airport,AE,Ras Al Khaimah,RKT
2663,Sharjah International Airport,AE,Sharjah,SHJ
2664,Khasab Airport,OM,Khasab,KHS
2665,RAFO Masirah,OM,Masirah,MSH
2666,Muscat International Airport,OM,Muscat,MCT
2667,Salalah Airport,OM,Salalah,SLL
2668,Thumrait Air Base,OM,Thumrait,TTH
2669,Bahawalpur Airport,PK,Bahawalpur,BHV
2670,Chitral Airport,PK,Chitral,CJL
2671,Dera Ghazi Khan Airport,PK,Dera Ghazi Khan,DEA
2672,Dera Ismael Khan Airport,PK,Dera Ismael Khan,DSK
2673,Faisalabad International Airport,PK,Faisalabad,LYP
2674,Gwadar International Airport,PK,Gwadar,GWD
2675,Gilgit Airport,PK,Gilgit,GIL
2676,Islamabad International Airport,PK,Attock,ISB
2677,Shahbaz Air Base,PK,Jacobabad,JAG
2678,Jinnah International Airport,PK,Karachi,KHI
2679,Allama Iqbal International Airport,PK,Lahore,LHE
2680,Mangla Airport,PK,Mangla,XJM
2681,Muzaffarabad Airport,PK,Muzaffarabad,MFG
2682,Mianwali Air Base,PK,Mianwali,MWD
2683,Moenjodaro Airport,PK,Moenjodaro,MJD
2684,Minhas Air Base,PK,Kamra,ATG
2685,Multan International Airport,PK,Multan,MUX
2686,Shaheed Benazirabad Airport,PK,Nawabashah,WNS
2687,Panjgur Airport,PK,Panjgur,PJG
2688,Pasni Airport,PK,Pasni,PSI
2689,Peshawar International Airport,PK,Peshawar,PEW
2690,Quetta International Airport,PK,Quetta,UET
2691,Shaikh Zaid Airport,PK,Rahim Yar Khan,RYK
2692,Rawalakot Airport,PK,Rawalakot,RAZ
2693,Skardu Airport,PK,Skardu,KDU
2694,Sukkur Airport,PK,Mirpur Khas,SKZ
2695,Sehwan Sharif Airport,PK,Sehwan Sharif,SYW
2696,Mushaf Air Base,PK,Sargodha,SGI
2697,Saidu Sharif Airport,PK,Saidu Sharif,SDT
2698,Sialkot International Airport,PK,Sialkot,SKT
2699,Sui Airport,PK,Sui,SUL
2700,Turbat International Airport,PK,Turbat,TUK
2701,Zhob Airport,PK,Fort Sandeman,PZH
2702,Al Asad Air Base,IQ,Hƒ´t,IQA
2703,Al Taqaddum Air Base,IQ,Al Habbaniyah,TQD
2704,Baghdad International Airport / New Al Muthana Air Base,IQ,Baghdad,BGW
2705,Mosul International Airport,IQ,Mosul,OSM
2706,Erbil International Airport,IQ,Arbil,EBL
2707,Kirkuk Air Base,IQ,Kirkuk,KIK
2708,Basra International Airport,IQ,Basra,BSR
2709,Al Najaf International Airport,IQ,Najaf,NJF
2710,Qayyarah West Airport,IQ,Qayyarah,RQW
2711,Sulaymaniyah International Airport,IQ,Sulaymaniyah,ISU
2712,Ali Air Base,IQ,Nasiriyah,XNH
2713,Aleppo International Airport,SY,Aleppo,ALP
2714,Damascus International Airport,SY,Damascus,DAM
2715,Deir ez-Zor Airport,SY,Deir ez-Zor,DEZ
2716,Qamishli Airport,SY,Qamishly,KAC
2717,Hmeimim Air Base,SY,Latakia,LTK
2718,Palmyra Airport,SY,Tadmur,PMS
2719,Al Udeid Air Base,QA,Ar Rayyan,XJD
2720,Hamad International Airport,QA,Doha,DOH
2721,Aden International Airport,YE,Aden,ADE
2722,Ataq Airport,YE,Ataq,AXK
2723,Al Ghaydah International Airport,YE,Al Ghaydah,AAY
2724,Hodeidah International Airport,YE,Hodeida,HOD
2725,Riyan Mukalla International Airport,YE,Riyan,RIY
2726,Sana'a International Airport,YE,Sana'a,SAH
2727,Socotra International Airport,YE,Socotra Islands,SCT
2728,Seiyun Hadhramaut International Airport,YE,Seiyun,GXF
2729,Ta'izz International Airport,YE,Ta'izz,TAI
2730,Zagora Airport,MA,Zagora,OZG
2731,Warren Bud Woods Palmer Municipal Airport,US,Palmer,PAQ
2732,Barter Island Long Range Radar Station Airport,US,Barter Island,BTI
2733,Bethel Airport,US,Bethel,BET
2734,Allen Army Airfield,US,Delta Junction Ft Greely,BIG
2735,Wiley Post Will Rogers Memorial Airport,US,Utqiaƒ°vik,BRW
2736,Cold Bay Airport,US,Cold Bay,CDB
2737,Merle K (Mudhole) Smith Airport,US,Cordova,CDV
2738,Cape Romanzof LRRS Airport,US,Cape Romanzof,CZF
2739,Deering Airport,US,Deering,DRG
2740,Adak Airport,US,Adak,ADK
2741,Dillingham Airport,US,Dillingham,DLG
2742,Kodiak Airport,US,Kodiak,ADQ
2743,Tom Madsen (Dutch Harbor) Airport,US,Unalaska,DUT
2744,Elmendorf Air Force Base,US,Anchorage,EDF
2745,Cape Newenham LRRS Airport,US,Cape Newenham,EHM
2746,Eielson Air Force Base,US,Fairbanks,EIL
2747,Emmonak Airport,US,Emmonak,EMK
2748,Kenai Municipal Airport,US,Kenai,ENA
2749,Fairbanks International Airport,US,Fairbanks,FAI
2750,Ladd Army Airfield,US,Fairbanks,FBK
2751,Ambler Airport,US,Ambler,ABL
2752,Edward G. Pitka Sr Airport,US,Galena,GAL
2753,Gulkana Airport,US,Gulkana,GKN
2754,Gambell Airport,US,Gambell,GAM
2755,Gustavus Airport,US,Gustavus,GST
2756,Holy Cross Airport,US,Holy Cross,HCR
2757,Huslia Airport,US,Huslia,HSL
2758,Haines Airport,US,Haines,HNS
2759,Homer Airport,US,Homer,HOM
2760,Egegik Airport,US,Egegik,EGX
2761,Bob Baker Memorial Airport,US,Kiana,IAN
2762,Iliamna Airport,US,Iliamna,ILI
2763,Indian Mountain LRRS Airport,US,Utopia Creek,UTO
2764,Juneau International Airport,US,Juneau,JNU
2765,King Salmon Airport,US,King Salmon,AKN
2766,Anaktuvuk Pass Airport,US,Anaktuvuk Pass,AKP
2767,Ketchikan International Airport,US,Ketchikan,KTN
2768,Klawock Airport,US,Klawock,KLW
2769,Cape Lisburne LRRS Airport,US,Cape Lisburne,LUR
2770,McGrath Airport,US,McGrath,MCG
2771,Merrill Field,US,Anchorage,MRI
2772,Mekoryuk Airport,US,Mekoryuk,MYU
2773,Ted Stevens Anchorage International Airport,US,Anchorage,ANC
2774,Aniak Airport,US,Aniak,ANI
2775,Nenana Municipal Airport,US,Nenana,ENN
2776,Annette Island Airport,US,Metlakatla,ANN
2777,Anvik Airport,US,Anvik,ANV
2778,Nome Airport,US,Nome,OME
2779,Northway Airport,US,Northway,ORT
2780,Ralph Wien Memorial Airport,US,Kotzebue,OTZ
2781,St George Airport,US,St George,STG
2782,Port Clarence Coast Guard Station,US,Port Clarence,KPC
2783,Petersburg James A Johnson Airport,US,Petersburg,PSG
2784,Port Heiden Airport,US,Port Heiden,PTH
2785,Platinum Airport,US,Platinum,PTU
2786,Nuiqsut Airport,US,Nuiqsut,NUI
2787,Arctic Village Airport,US,Arctic Village,ARC
2788,Ruby Airport,US,Ruby,RBY
2789,Savoonga Airport,US,Savoonga,SVA
2790,Deadhorse Airport,US,Deadhorse,SCC
2791,Sand Point Airport,US,Sand Point,SDP
2792,Sitka Rocky Gutierrez Airport,US,Sitka,SIT
2793,St Paul Island Airport,US,St Paul Island,SNP
2794,Sparrevohn LRRS Airport,US,Sparrevohn,SVW
2795,Soldotna Airport,US,Soldotna,SXQ
2796,Eareckson Air Station,US,Shemya,SYA
2797,Talkeetna Airport,US,Talkeetna,TKA
2798,Tatalina LRRS Airport,US,Takotna,TLJ
2799,Atqasuk Edward Burnell Sr Memorial Airport,US,Atqasuk,ATK
2800,Unalakleet Airport,US,Unalakleet,UNK
2801,Valdez Pioneer Field,US,Valdez,VDZ
2802,Seward Airport,US,Seward,SWD
2803,Wrangell Airport,US,Wrangell,WRG
2804,Wainwright Airport,US,Wainwright,AIN
2805,Wasilla Airport,US,Wasilla,WWA
2806,Yakutat Airport,US,Yakutat,YAK
2807,Canton Island Airport,KI,Abariringa,CIS
2808,Fort Yukon Airport,US,Fort Yukon,FYU
2809,Balimo Airport,PG,Balimo,OPU
2810,Baimuru Airport,PG,Baimuru,VMU
2811,Rota International Airport,MP,Rota Island,ROP
2812,Saipan International Airport,MP,"I Fadang, Saipan",SPN
2813,Andersen Air Force Base,GU,Yigo,UAM
2814,Antonio B. Won Pat International Airport,GU,Hag√•t√±a,GUM
2815,Tinian International Airport,MP,Tinian Island,TIQ
2816,Laguindingan International Airport,PH,Laguindingan,CGY
2817,Cagayan North International Airport,PH,Lal-lo,LLC
2818,Barking Sands Airport,US,Kekaha,BKH
2819,Hana Airport,US,Hana,HNM
2820,Hickam Air Force Base,US,Honolulu,HIK
2821,Kapalua Airport,US,Lahaina,JHM
2822,Kalaeloa Airport,US,Kapolei,JRF
2823,Ellison Onizuka Kona International Airport at Keahole,US,Kailua-Kona,KOA
2824,Lihue Airport,US,Lihue,LIH
2825,Molokai Airport,US,Kaunakakai,MKK
2826,Waimea Kohala Airport,US,Waimea (Kamuela),MUE
2827,Kaneohe Bay MCAS (Marion E. Carl Field) Airport,US,Kaneohe,NGF
2828,Daniel K Inouye International Airport,US,"Honolulu, Oahu",HNL
2829,Lanai Airport,US,Lanai City,LNY
2830,Kahului International Airport,US,Kahului,OGG
2831,Hilo International Airport,US,Hilo,ITO
2832,Marshall Islands International Airport,MH,Majuro Atoll,MAJ
2833,Kaieteur International Airport,GY,Kaieteur Falls,KAI
2834,Bucholz Army Air Field,MH,Kwajalein,KWA
2835,Cassidy International Airport,KI,Kiritimati,CXI
2836,Henderson Field,UM,Sand Island,MDY
2837,Point Lay LRRS Airport,US,Point Lay,PIZ
2838,Chuuk International Airport,FM,Weno Island,TKK
2839,Pohnpei International Airport,FM,Pohnpei Island,PNI
2840,Babelthuap Airport,PW,Babelthuap Island,ROR
2841,Kosrae International Airport,FM,Okat,KSA
2842,Yap International Airport,FM,Yap Island,YAP
2843,Wake Island Airfield,UM,Wake Island,AWK
2844,Kinmen Airport,TW,Shang-I,KNH
2845,Matsu Nangan Airport,TW,Matsu (Nangan),LZN
2846,Taitung Airport,TW,Taitung City,TTT
2847,Kaohsiung International Airport,TW,Kaohsiung (Xiaogang),KHH
2848,Chiayi Airport,TW,Chiayi City,CYI
2849,Hengchun Airport,TW,Hengchung,HCN
2850,Lanyu Airport,TW,Orchid Island,KYD
2851,Taichung International Airport / Ching Chuang Kang Air Base,TW,Taichung (Qingshui),RMQ
2852,Matsu Beigan Airport,TW,Matsu (Beigan),MFK
2853,Tainan International Airport / Tainan Air Base,TW,Tainan (Rende),TNN
2854,Hsinchu Air Base,TW,Hsinchu City,HSZ
2855,Penghu Magong Airport,TW,Huxi,MZG
2856,Pingtung North Airport,TW,Pingtung,PIF
2857,Taipei Songshan Airport,TW,Taipei City,TSA
2858,Taiwan Taoyuan International Airport,TW,Taoyuan,TPE
2859,Hualien Airport,TW,Hualien City,HUN
2860,Narita International Airport,JP,Narita,NRT
2861,Shinshu-Matsumoto Airport,JP,Matsumoto,MMJ
2862,Ibaraki Airport / JASDF Hyakuri Air Base,JP,Omitama,IBR
2863,Ioto (Iwo Jima) Airbase,JP,Ogasawara,IWO
2864,Kansai International Airport,JP,Osaka,KIX
2865,Nanki Shirahama Airport,JP,Shirahama,SHM
2866,Kobe Airport,JP,Kobe,UKB
2867,Konotori Tajima Airport,JP,Toyooka,TJH
2868,Tokachi-Obihiro Airport,JP,Obihiro,OBO
2869,New Chitose Airport,JP,Sapporo,CTS
2870,Hakodate Airport,JP,Hakodate,HKD
2871,Kushiro Airport,JP,Kushiro,KUH
2872,Memanbetsu Airport,JP,≈åzora,MMB
2873,Nakashibetsu Airport,JP,Nakashibetsu,SHB
2874,Sapporo Okadama Airport,JP,Sapporo,OKD
2875,Wakkanai Airport,JP,Wakkanai,WKJ
2876,Iki Airport,JP,Iki,IKI
2877,Yamaguchi Ube Airport,JP,Ube,UBJ
2878,Tsushima Airport,JP,Tsushima,TSJ
2879,Monbetsu Airport,JP,Monbetsu,MBE
2880,Asahikawa Airport,JP,Higashikagura,AKJ
2881,Okushiri Airport,JP,Okushiri Island,OIR
2882,Rishiri Airport,JP,Rishiri,RIS
2883,Yakushima Airport,JP,Yakushima,KUM
2884,Fukue Airport,JP,Goto,FUJ
2885,Fukuoka Airport,JP,Fukuoka,FUK
2886,New Tanegashima Airport,JP,Tanegashima,TNE
2887,Kagoshima Airport,JP,Kagoshima,KOJ
2888,Miyazaki Airport,JP,Miyazaki,KMI
2889,Oita Airport,JP,Oita,OIT
2890,Kitakyushu Airport,JP,Kitakyushu,KKJ
2891,Saga Airport,JP,Saga,HSG
2892,Kumamoto Airport,JP,Kumamoto,KMJ
2893,Nagasaki Airport,JP,Nagasaki,NGS
2894,Chubu Centrair International Airport,JP,Tokoname,NGO
2895,Amami Airport,JP,Amami,ASJ
2896,Okinoerabu Airport,JP,Wadomari,OKE
2897,Kikai Airport,JP,Kikai,KKX
2898,Tokunoshima Airport,JP,Amagi,TKN
2899,Nagoya Airport / JASDF Komaki Air Base,JP,Nagoya,NKM
2900,Gifu Airport,JP,Gifu,QGU
2901,Komatsu Airport / JASDF Komatsu Air Base,JP,Kanazawa,KMQ
2902,Oki Global Geopark Airport,JP,Okinoshima,OKI
2903,Mount Fuji Shizuoka Airport,JP,Makinohara / Shimada,FSZ
2904,Toyama Airport,JP,Toyama,TOY
2905,Noto Satoyama Airport,JP,Wajima,NTQ
2906,Hiroshima Airport,JP,Hiroshima,HIJ
2907,Okayama Momotaro Airport,JP,Okayama,OKJ
2908,Izumo Enmusubi Airport,JP,Izumo,IZO
2909,Yonago Kitaro Airport / JASDF Miho Air Base,JP,Yonago,YGJ
2910,Iwakuni Kintaikyo Airport / Marine Corps Air Station Iwakuni,JP,Iwakuni,IWK
2911,Kochi Ryoma Airport,JP,Nankoku,KCZ
2912,Matsuyama Airport,JP,Matsuyama,MYJ
2913,Osaka International Airport,JP,Osaka,ITM
2914,Tottori Sand Dunes Conan Airport,JP,Tottori,TTJ
2915,Tokushima Awaodori Airport / JMSDF Tokushima Air Base,JP,Tokushima,TKS
2916,Takamatsu Airport,JP,Takamatsu,TAK
2917,Iwami Airport,JP,Masuda,IWJ
2918,Aomori Airport,JP,Aomori,AOJ
2919,Yamagata Airport,JP,Higashine,GAJ
2920,Sado Airport,JP,Sado,SDS
2921,Fukushima Airport,JP,Sukagawa,FKS
2922,JMSDF Hachinohe Air Base / Hachinohe Airport,JP,Hachinohe,HHE
2923,Iwate Hanamaki Airport,JP,Hanamaki,HNA
2924,Akita Airport,JP,Akita,AXT
2925,Misawa Airport / Misawa Air Base,JP,Misawa,MSJ
2926,Niigata Airport,JP,Niigata,KIJ
2927,Odate Noshiro Airport,JP,Kitaakita,ONJ
2928,Sendai Airport,JP,Natori,SDJ
2929,Shonai Airport,JP,Shonai,SYO
2930,JMSDF Atsugi Air Base / Naval Air Facility Atsugi,JP,Ayase / Yamato,NJA
2931,Hachijojima Airport,JP,Hachijojima,HAC
2932,Oshima Airport,JP,Izu Oshima,OIM
2933,Miyakejima Airport,JP,Miyakejima,MYE
2934,Tokyo Haneda International Airport,JP,Tokyo,HND
2935,Yokota Air Base,JP,Fussa,OKO
2936,Muan International Airport,KR,Muan (Piseo-ri),MWX
2937,Gwangju Airport,KR,Gwangju,KWJ
2938,Gunsan Airport / Gunsan Air Base,KR,Gunsan,KUV
2939,Yeosu Airport,KR,Yeosu,RSU
2940,Gangneung Airport (K-18),KR,Gangneung,KAG
2941,Wonju Airport / Hoengseong Air Base (K-38/K-46),KR,Wonju,WJU
2942,Yangyang International Airport,KR,Gonghang-ro,YNY
2943,Jeju International Airport,KR,Jeju City,CJU
2944,Jeongseok Airport,KR,Jeju Island,JDG
2945,Gimhae International Airport,KR,Busan,PUS
2946,Sacheon Airport / Sacheon Air Base,KR,Sacheon,HIN
2947,Ulsan Airport,KR,Ulsan,USN
2948,Incheon International Airport,KR,Seoul,ICN
2949,Seoul Air Base (K-16),KR,Seongnam,SSN
2950,Osan Air Base,KR,Pyeongtaek,OSN
2951,Gimpo International Airport,KR,Seoul,GMP
2952,Suwon Airport,KR,Suwon,SWU
2953,Pohang Airport (G-815/K-3),KR,Pohang,KPO
2954,Jungwon Air Base/Chungju Airport,KR,Gimseang-ro,JWO
2955,Daegu Airport,KR,Daegu,TAE
2956,Cheongju International Airport/Cheongju Air Base (K-59/G-513),KR,Cheongju,CJJ
2957,Yecheon Airbase,KR,Yecheon-ri,YEC
2958,Naha Airport / JASDF Naha Air Base,JP,Naha,OKA
2959,Kumejima Airport,JP,Kumejima,UEO
2960,Minamidaito Airport,JP,Minamidaito,MMD
2961,Miyako Airport,JP,Miyako City,MMY
2962,Iejima Airport,JP,Ie,IEJ
2963,Kitadaito Airport,JP,Kitadait≈çjima,KTD
2964,Miyako Shimojishima Airport,JP,Miyakojima,SHI
2965,Tarama Airport,JP,Tarama,TRA
2966,Yoron Airport,JP,Yoron,RNJ
2967,Yonaguni Airport,JP,Yonaguni,OGN
2968,Subic Bay International Airport / Naval Air Station Cubi Point,PH,Olongapo,SFS
2969,Clark International Airport / Clark Air Base,PH,Mabalacat,CRK
2970,Laoag International Airport,PH,Laoag City,LAO
2971,Ninoy Aquino International Airport,PH,Manila (Pasay),MNL
2972,Danilo Atienza Air Base,PH,Cavite,SGL
2973,Allah Valley Airport,PH,Surallah,AAV
2974,Cotabato (Awang) Airport,PH,Datu Odin Sinsuat,CBO
2975,Francisco Bangoy International Airport,PH,Davao,DVO
2976,Bancasi Airport,PH,Butuan,BXU
2977,Bislig Airport,PH,Bislig,BPH
2978,Dipolog Airport,PH,Dipolog,DPL
2979,Camiguin Airport,PH,Mambajao,CGM
2980,Sanga Sanga Airport,PH,Bongao,TWT
2981,Labo Airport,PH,Ozamiz,OZC
2982,Pagadian Airport,PH,Pagadian,PAG
2983,Mati National Airport,PH,Mati,MXI
2984,General Santos International Airport,PH,General Santos,GES
2985,Surigao Airport,PH,Surigao City,SUG
2986,Tandag Airport,PH,Tandag,TDG
2987,Zamboanga International Airport,PH,Zamboanga City,ZAM
2988,Bohol-Panglao International Airport,PH,Panglao,TAG
2989,Loakan Airport,PH,Baguio City,BAG
2990,Daet Airport,PH,Daet,DTE
2991,San Jose Airport,PH,San Jose,SJI
2992,Mamburao Airport,PH,Mamburao,MBO
2993,Naga Airport,PH,Naga,WNP
2994,Basco Airport,PH,Basco,BSO
2995,Dr Juan C Angara Airport,PH,Baler,BQA
2996,Tuguegarao Airport,PH,Tuguegarao City,TUG
2997,Virac Airport,PH,Virac,VRC
2998,Marinduque Airport,PH,Gasan,MRQ
2999,Cauayan Airport,PH,Cauayan City,CYZ
3000,Daniel Z. Romualdez Airport,PH,Tacloban City,TAC
3001,Bacolod-Silay Airport,PH,Bacolod City,BCD
3002,Calbayog Airport,PH,Calbayog City,CYP
3003,Sibulan Airport,PH,Dumaguete City,DGT
3004,Godofredo P. Ramos Airport,PH,Caticlan,MPH
3005,Catarman National Airport,PH,Catarman,CRM
3006,Iloilo International Airport,PH,Cabatuan,ILO
3007,Moises R. Espinosa Airport,PH,Masbate,MBT
3008,Kalibo International Airport,PH,Kalibo,KLO
3009,Mactan Cebu International Airport,PH,Lapu-Lapu City,CEB
3010,Ormoc Airport,PH,Ormoc City,OMC
3011,Puerto Princesa International Airport / PAF Antonio Bautista Air Base,PH,Puerto Princesa,PPS
3012,Roxas Airport,PH,Roxas City,RXS
3013,Evelio Javier Airport,PH,San Jose,EUQ
3014,Tugdan Airport,PH,Tablas Island,TBH
3015,Francisco B. Reyes (Busuanga) Airport,PH,Coron,USU
3016,Red Sea International Airport,SA,Hanak,RSI
3017,Grozny Airport,RU,Grozny,GRV
3018,Krymsk Air Base,RU,Krymsk,NOI
3019,Comodoro Pierrestegui Airport,AR,Concordia,COC
3020,Gualeguaychu Airport,AR,Gualeguaychu,GHU
3021,General Urquiza Airport,AR,Parana,PRA
3022,Rosario Islas Malvinas International Airport,AR,Rosario,ROS
3023,Sauce Viejo Airport,AR,Santa Fe,SFN
3024,Jorge Newbery Airpark,AR,Buenos Aires,AEP
3025,Ingeniero Ambrosio Taravella Airport,AR,Cordoba,COR
3026,La Plata Airport,AR,La Plata,LPG
3027,El Palomar Airport,AR,El Palomar,EPA
3028,Minister Pistarini International Airport,AR,Buenos Aires (Ezeiza),EZE
3029,Rincon De Los Sauces Airport,AR,Rincon de los Sauces,RDS
3030,Zapala Airport,AR,Zapala,APZ
3031,El Plumerillo Airport,AR,Mendoza,MDZ
3032,Comodoro D.R. Salom√≥n Airport,AR,Malargue,LGS
3033,Suboficial Ay Santiago Germano Airport,AR,San Rafael,AFA
3034,Coronel Felipe Varela International Airport,AR,Catamarca,CTC
3035,Vicecomodoro Angel D. La Paz Aragon√©s Airport,AR,Santiago del Estero,SDE
3036,Capitan V A Almonacid Airport,AR,La Rioja,IRJ
3037,Termas de R√≠o Hondo international Airport,AR,Termas de R√≠o Hondo,RHD
3038,Teniente Benjamin Matienzo Airport,AR,San Miguel de Tucum√°n,TUC
3039,Domingo Faustino Sarmiento Airport,AR,San Juan,UAQ
3040,Area De Material Airport,AR,Rio Cuarto,RCU
3041,Villa Dolores Airport,AR,Villa Dolores,VDR
3042,Villa Reynolds Airport,AR,Villa Mercedes,VME
3043,Brigadier Mayor D Cesar Raul Ojeda Airport,AR,San Luis,LUQ
3044,Corrientes Airport,AR,Corrientes,CNQ
3045,Resistencia International Airport,AR,Resistencia,RES
3046,Formosa National Airport,AR,Formosa,FMA
3047,Cataratas Del Iguaz√∫ International Airport,AR,Puerto Iguazu,IGR
3048,Paso De Los Libres Airport,AR,Paso de los Libres,AOL
3049,Monte Caseros Airport,AR,Monte Caseros,MCS
3050,Libertador Gral D Jose De San Martin Airport,AR,Posadas,PSS
3051,Martin Miguel De Guemes International Airport,AR,Salta,SLA
3052,Gobernador Horacio Guzman International Airport,AR,San Salvador de Jujuy,JUJ
3053,Or√°n Airport,AR,Or√°n,ORA
3054,General Enrique Mosconi Airport,AR,Tartagal,TTG
3055,Goya Airport,AR,Goya,OYA
3056,Reconquista Airport,AR,Reconquista,RCQ
3057,Curuzu Cuatia Airport,AR,Curuzu Cuatia,UZU
3058,El Bolson Airport,AR,El Bolson,EHL
3059,General E. Mosconi Airport,AR,Comodoro Rivadavia,CRD
3060,Brigadier Antonio Parodi Airport,AR,Esquel,EQS
3061,Las Heras Airport,AR,Las Heras,LHS
3062,Almirante Marco Andres Zar Airport,AR,Rawson,REL
3063,Gobernador Castello Airport,AR,Viedma / Carmen de Patagones,VDM
3064,El Tehuelche Airport,AR,Puerto Madryn,PMY
3065,El Calafate - Commander Armando Tola International Airport,AR,El Calafate,FTE
3066,Puerto Deseado Airport,AR,Puerto Deseado,PUD
3067,Gobernador Ram√≥n Trejo Noel International Airport,AR,Rio Grande,RGA
3068,Piloto Civil N. Fern√°ndez Airport,AR,Rio Gallegos,RGL
3069,Malvinas Argentinas Airport,AR,Ushuaia,USH
3070,Capitan D Daniel Vazquez Airport,AR,San Julian,ULA
3071,Perito Moreno Airport,AR,Perito Moreno,PMQ
3072,Santa Cruz Airport,AR,Puerto Santa Cruz,RZA
3073,Comandante Espora Airport,AR,Bahia Blanca,BHI
3074,General Pico Airport,AR,General Pico,GPO
3075,Tres Arroyos Airport,AR,Tres Arroyos,OYO
3076,Santa Teresita Airport,AR,Santa Teresita,SST
3077,√Åstor Piazzola International Airport,AR,Mar del Plata,MDQ
3078,Presidente Peron Airport,AR,Neuquen,NQN
3079,Necochea Airport,AR,Necochea,NEC
3080,Comodoro Pedro Zanni Airport,AR,Pehuaj√≥,PEH
3081,Santa Rosa Airport,AR,Santa Rosa,RSA
3082,San Carlos De Bariloche Airport,AR,San Carlos de Bariloche,BRC
3083,H√©roes De Malvinas Airport,AR,Tandil,TDL
3084,Villa Gesell Airport,AR,Villa Gesell,VLG
3085,Cutral-Co Airport,AR,Cutral-Co,CUT
3086,Aviador C. Campos Airport,AR,Chapelco/San Martin de los Andes,CPC
3087,Concei√ß√£o do Araguaia Airport,BR,Concei√ß√£o do Araguaia,CDJ
3088,Aracati Drag√£o do Mar Regional Airport,BR,Aracati,ARX
3089,Araraquara Airport,BR,Araraquara,AQA
3090,Aracaju - Santa Maria International Airport,BR,Aracaju,AJU
3091,Piloto Osvaldo Marques Dias Airport,BR,Alta Floresta,AFL
3092,Ara√ßatuba Airport,BR,Ara√ßatuba,ARU
3093,Romeu Zema Airport,BR,Arax√°,AAX
3094,Val de Cans/J√∫lio Cezar Ribeiro International Airport,BR,Bel√©m,BEL
3095,Comandante Gustavo Kraemer Airport,BR,Bag√©,BGX
3096,Pampulha - Carlos Drummond de Andrade Airport,BR,Belo Horizonte,PLU
3097,Bacacheri Airport,BR,Curitiba,BFH
3098,Presidente Juscelino Kubitschek International Airport,BR,Bras√≠lia,BSB
3099,Chafei Amsei Airport,BR,Barretos,BAT
3100,Atlas Brasil Cantanhede Airport,BR,Boa Vista,BVB
3101,Barra do Gar√ßas Airport,BR,Barra do Gar√ßas,BPG
3102,Umberto Modiano Airport,BR,Cabo Frio,BZC
3103,Coronel Adalberto Mendes da Silva Airport,BR,Cascavel,CAC
3104,Tancredo Neves International Airport,BR,Belo Horizonte,CNF
3105,Campo Grande Airport,BR,Campo Grande,CGR
3106,Serafin Enoss Bertaso Airport,BR,Chapec√≥,XAP
3107,Brig. Lysias Augusto Rodrigues Airport,BR,Carolina,CLN
3108,Caraj√°s Airport,BR,Parauapebas,CKS
3109,Forquilhinha - Crici√∫ma  Airport,BR,Crici√∫ma,CCM
3110,Canoas Air Force Base,BR,Porto Alegre,QNS
3111,Bartolomeu Lisandro Airport,BR,Campos Dos Goytacazes,CAW
3112,Corumb√° International Airport,BR,Corumb√°,CMG
3113,Afonso Pena Airport,BR,Curitiba,CWB
3114,Caravelas Airport,BR,Caravelas,CRQ
3115,Hugo Cantergiani Regional Airport,BR,Caxias Do Sul,CXJ
3116,Marechal Rondon Airport,BR,Cuiab√°,CGB
3117,Cruzeiro do Sul Airport,BR,Cruzeiro Do Sul,CZS
3118,Presidente Prudente Airport,BR,Presidente Prudente,PPB
3119,Eduardo Gomes International Airport,BR,Manaus,MAO
3120,Jacareacanga Airport,BR,Jacareacanga,JCR
3121,Cataratas International Airport,BR,Foz do Igua√ßu,IGU
3122,Herc√≠lio Luz International Airport,BR,Florian√≥polis,FLN
3123,Fernando de Noronha Airport,BR,Fernando de Noronha,FEN
3124,Pinto Martins International Airport,BR,Fortaleza,FOR
3125,Rio Gale√£o ‚Äì Tom Jobim International Airport,BR,Rio De Janeiro,GIG
3126,Guajar√°-Mirim Airport,BR,Guajar√°-Mirim,GJM
3127,Santa Genoveva Airport,BR,Goi√¢nia,GYN
3128,Guarulhos - Governador Andr√© Franco Montoro International Airport,BR,S√£o Paulo,GRU
3129,Coronel Altino Machado Airport,BR,Governador Valadares,GVR
3130,Edu Chaves Field,BR,Guaratinguet√°,GUJ
3131,Altamira Interstate Airport,BR,Altamira,ATM
3132,Itacoatiara Airport,BR,Itacoatiara,ITA
3133,Itaituba Airport,BR,Itaituba,ITB
3134,Bahia - Jorge Amado Airport,BR,Ilh√©us,IOS
3135,Usiminas Airport,BR,Ipatinga,IPN
3136,Prefeito Renato Moreira Airport,BR,Imperatriz,IMP
3137,Francisco de Assis Airport,BR,Juiz de Fora,JDF
3138,S√£o Paulo Catarina Executive Airport,BR,S√£o Roque,JHF
3139,Presidente Castro Pinto International Airport,BR,Jo√£o Pessoa,JPA
3140,Lauro Carneiro de Loyola Airport,BR,Joinville,JOI
3141,Presidente Jo√£o Suassuna Airport,BR,Campina Grande,CPV
3142,Viracopos International Airport,BR,Campinas,VCP
3143,Lages Airport,BR,Lages,LAJ
3144,Lins Airport,BR,Lins,LIP
3145,Governador Jos√© Richa Airport,BR,Londrina,LDB
3146,Bom Jesus da Lapa Airport,BR,Bom Jesus da Lapa,LAZ
3147,Jo√£o Correa da Rocha Airport,BR,Marab√°,MAB
3148,Mina√ßu Airport,BR,Mina√ßu,MQH
3149,Monte Dourado - Serra do Are√£o Airport,BR,Almeirim,MEU
3150,Maca√© Benedito Lacerda Airport,BR,Maca√©,MEA
3151,Regional de Maring√° - S√≠lvio Name J√∫nior Airport,BR,Maring√°,MGF
3152,M√°rio Ribeiro Airport,BR,Montes Claros,MOC
3153,Frank Miloye Milenkowichi‚ÄìMar√≠lia State Airport,BR,Mar√≠lia,MII
3154,Ponta Pelada Airport / Manaus Air Base,BR,Manaus,PLL
3155,Zumbi dos Palmares Airport,BR,Macei√≥,MCZ
3156,Macap√° - Alberto Alcolumbre International Airport,BR,Macap√°,MCP
3157,Dix-Sept Rosado Airport,BR,Mossor√≥,MVF
3158,Campo de Marte Airport,BR,S√£o Paulo,RTE
3159,Manicor√© Airport,BR,Manicor√©,MNX
3160,Ministro Victor Konder International Airport,BR,Navegantes,NVT
3161,Santo √Çngelo Airport,BR,Santo √Çngelo,GEL
3162,Oiapoque Airport,BR,Oiapoque,OYK
3163,Salgado Filho International Airport,BR,Porto Alegre,POA
3164,Parna√≠ba - Prefeito Doutor Jo√£o Silva Filho International Airport,BR,Parna√≠ba,PHB
3165,Po√ßos de Caldas - Embaixador Walther Moreira Salles Airport,BR,Po√ßos De Caldas,POO
3166,Lauro Kurtz Airport,BR,Passo Fundo,PFB
3167,Brigadeiro Lysias Rodrigues Airport,BR,Palmas,PMW
3168,Jo√£o Sim√µes Lopes Neto International Airport,BR,Pelotas,PET
3169,Senador Nilo Coelho Airport,BR,Petrolina,PNZ
3170,Porto Nacional Airport,BR,Porto Nacional,PNB
3171,Ponta Por√£ Airport,BR,Ponta Por√£,PMG
3172,Porto Seguro Airport,BR,Porto Seguro,BPS
3173,Governador Jorge Teixeira de Oliveira Airport,BR,Porto Velho,PVH
3174,Rio Branco-Pl√°cido de Castro International Airport,BR,Rio Branco,RBR
3175,Recife/Guararapes - Gilberto Freyre International Airport,BR,Recife,REC
3176,Santos Dumont Airport,BR,Rio de Janeiro,SDU
3177,Leite Lopes Airport,BR,Ribeir√£o Preto,RAO
3178,Santa Cruz Air Force Base,BR,Rio de Janeiro,SNZ
3179,S√£o Gon√ßalo do Amarante - Governador Alu√≠zio Alves International Airport,BR,Natal,NAT
3180,Professor Urbano Ernesto Stumpf Airport,BR,S√£o Jos√© Dos Campos,SJK
3181,Marechal Cunha Machado International Airport,BR,S√£o Lu√≠s,SLZ
3182,Santa Maria Airport,BR,Santa Maria,RIA
3183,Santar√©m - Maestro Wilson Fonseca International Airport,BR,Santar√©m,STM
3184,Congonhas Airport,BR,S√£o Paulo,CGH
3185,Prof. Eribelto Manoel Reino State Airport,BR,S√£o Jos√© do Rio Preto,SJP
3186,Santos Nero Moura Air Base / Guaruj√° Airport,BR,Guaruj√°,SSZ
3187,Deputado Luiz Eduardo Magalh√£es International Airport,BR,Salvador,SSA
3188,Trombetas Airport,BR,Oriximin√°,TMT
3189,Senador Petr√¥nio Portela Airport,BR,Teresina,THE
3190,Tef√© Airport,BR,Tef√©,TFF
3191,Tarauac√° Airport,BR,Tarauac√°,TRQ
3192,Tel√™maco Borba Airport,BR,Tel√™maco Borba,TEC
3193,Tabatinga Airport,BR,Tabatinga,TBT
3194,Tucuru√≠ Airport,BR,Tucuru√≠,TUR
3195,S√£o Gabriel da Cachoeira Airport,BR,S√£o Gabriel da Cachoeira,SJL
3196,Paulo Afonso Airport,BR,Paulo Afonso,PAV
3197,Rubem Berta Airport,BR,Uruguaiana,URG
3198,Ten. Cel. Aviador C√©sar Bombonato Airport,BR,Uberl√¢ndia,UDI
3199,M√°rio de Almeida Franco Airport,BR,Uberaba,UBA
3200,Major Brigadeiro Trompowsky Airport,BR,Varginha,VAG
3201,Brigadeiro Camar√£o Airport,BR,Vilhena,BVH
3202,Eurico de Aguiar Salles Airport,BR,Vit√≥ria,VIX
3203,Campo Fontenelle,BR,Pirassununga,QPS
3204,Presidente Itamar Franco Airport,BR,Juiz de Fora,IZA
3205,Chacalluta Airport,CL,Arica,ARI
3206,Desierto de Atacama Airport,CL,Copiapo,CPO
3207,Balmaceda Airport,CL,Balmaceda,BBA
3208,Barriles Airport,CL,Tocopilla,TOQ
3209,Chile Chico Airport,CL,Chile Chico,CCH
3210,El Loa Airport,CL,Calama,CJC
3211,Gral. Bernardo O¬¥Higgins Airport,CL,Chillan,YAI
3212,President Carlos Iba√±ez del Campo International Airport,CL,Punta Arenas,PUQ
3213,Teniente Vidal Airport,CL,Coyhaique,GXQ
3214,Diego Aracena Airport,CL,Iquique,IQQ
3215,Comodoro Arturo Merino Ben√≠tez International Airport,CL,Santiago,SCL
3216,Ricardo Garc√≠a Posada Airport,CL,El Salvador,ESR
3217,Andr√©s Sabella G√°lvez International Airport,CL,Antofagasta,ANF
3218,Captain Fuentes Martinez Airport,CL,Porvenir,WPR
3219,Guardiamarina Za√±artu Airport,CL,Puerto Williams,WPU
3220,Cochrane Airport,CL,Cochrane,LGR
3221,Carriel Sur Airport,CL,Concepcion,CCP
3222,Mataveri Airport,CL,Isla De Pascua,IPC
3223,Ca√±al Bajo Carlos - Hott Siebert Airport,CL,Osorno,ZOS
3224,Vallenar Airport,CL,Vallenar,VLR
3225,Lieutenant Julio Gallardo Airport,CL,Puerto Natales,PNT
3226,La Araucan√≠a Airport,CL,Temuco,ZCO
3227,Cha√±aral Airport,CL,Cha√±aral,CNR
3228,La Florida Airport,CL,La Serena-Coquimbo,LSC
3229,Maquehue Airport,CL,Temuco,PZS
3230,El Tepual Airport,CL,Puerto Montt,PMC
3231,Panguilemo Airport,CL,Talca,TLX
3232,Victoria Airport,CL,Victoria,ZIC
3233,Las Breas Airport,CL,Taltal,TTC
3234,Pichoy Airport,CL,Valdivia,ZAL
3235,Vi√±a del Mar Airport,CL,Vi√±a del Mar,KNA
3236,Chacho√°n Regional Airport,EC,Ambato,ATF
3237,Francisco De Orellana Airport,EC,Coca,OCC
3238,Mariscal Lamar Airport,EC,Cuenca,CUE
3239,Jos√© Joaqu√≠n de Olmedo International Airport,EC,Guayaquil,GYE
3240,Cotopaxi International Airport,EC,Latacunga,LTX
3241,Jose Maria Velasco Ibarra Airport,EC,Macar√°,MRR
3242,Coronel E Carvajal Airport,EC,Macas,XMS
3243,Eloy Alfaro International Airport,EC,Manta,MEC
3244,Reales Tamarindos Airport,EC,Portoviejo,PVO
3245,Mariscal Sucre International Airport,EC,Quito,UIO
3246,Santa Rosa - Artillery Colonel Victor Larrea International Airport,EC,Santa Rosa,ETR
3247,General Ulpiano Paez Airport,EC,Salinas,SNC
3248,Carlos Concha Torres International Airport,EC,Tachina,ESM
3249,Tarapoa Airport,EC,Tarapoa,TPC
3250,Lieutenant Colonel Luis A. Mantilla International Airport,EC,Tulc√°n,TUA
3251,Port Stanley Airport,FK,Stanley,PSY
3252,Silvio Pettirossi International Airport,PY,Asunci√≥n,ASU
3253,Juan de Ayolas National Airport,PY,Ayolas,AYO
3254,Lieutenant Colonel Carmelo Peralta National Airport,PY,Concepci√≥n,CIO
3255,Lieutenant Amin Ayub Gonz√°lez International Airport,PY,Encarnaci√≥n,ENO
3256,Guaran√≠ International Airport,PY,Ciudad del Este,AGT
3257,Doctor Luis Maria Arga√±a International Airport,PY,Mariscal Estigarribia,ESG
3258,Aer√≥dromo Don Carlos Miguel Gimenez,PY,Pilar,PIL
3259,Dr. Augusto Roberto Fuster Airport,PY,Pedro Juan Caballero,PJC
3260,Bauru/Arealva‚ÄìMoussa Nakhal Tobias State Airport,BR,Bauru,JTC
3261,Gomez Nino Apiay Air Base,CO,Apiay,API
3262,El Eden Airport,CO,Armenia,AXM
3263,Tres De Mayo Airport,CO,Puerto As√≠s,PUU
3264,Las Flores Airport,CO,El Banco,ELB
3265,Palonegro Airport,CO,Bucaramanga,BGA
3266,El Dorado International Airport,CO,Bogota,BOG
3267,Ernesto Cortissoz International Airport,CO,Barranquilla,BAQ
3268,Jos√© Celestino Mutis Airport,CO,Bah√≠a Solano,BSC
3269,Gerardo Tobar L√≥pez Airport,CO,Buenaventura,BUN
3270,Camilo Daza International Airport,CO,C√∫cuta,CUC
3271,Rafael Nu√±ez International Airport,CO,Cartagena,CTG
3272,Alfonso Bonilla Aragon International Airport,CO,Cali,CLO
3273,La Florida Airport,CO,Tumaco,TCO
3274,Juan H White Airport,CO,Caucasia,CAQ
3275,Cove√±as Airport,CO,Cove√±as,CVE
3276,Las Brujas Airport,CO,Corozal,CZU
3277,El Bagre Airport,CO,El Bagre,EBG
3278,Yarigu√≠es Airport,CO,Barrancabermeja,EJA
3279,Gustavo Artunduaga Paredes Airport,CO,Florencia,FLA
3280,Santiago Vila Airport,CO,Girardot,GIR
3281,Santa Ana Airport,CO,Cartago,CRC
3282,Juan Casiano Airport,CO,Guapi,GPI
3283,Perales Airport,CO,Ibagu√©,IBE
3284,San Luis Airport,CO,Ipiales,IPI
3285,Antonio Rold√°n Betancur Airport,CO,Carepa,APO
3286,Jorge Isaac Airport,CO,La Mina-Maicao,MCJ
3287,Alfredo V√°squez Cobo International Airport,CO,Leticia,LET
3288,Enrique Olaya Herrera Airport,CO,Medell√≠n,EOH
3289,Baracoa Airport,CO,Magangu√©,MGN
3290,Los Garzones Airport,CO,Monter√≠a,MTR
3291,Fabio Alberto Leon Bentley Airport,CO,Mit√∫,MVP
3292,La Nubia Airport,CO,Manizales,MZL
3293,Benito Salas Airport,CO,Neiva,NVA
3294,Aguas Claras Airport,CO,Oca√±a,OCV
3295,German Olano Airport,CO,Puerto Carre√±o,PCR
3296,Obando Cesar Gaviria Trujillo Airport,CO,Puerto In√≠rida,PDA
3297,Mateca√±a International Airport,CO,Pereira,PEI
3298,Pitalito Airport,CO,Pitalito,PTX
3299,Guillermo Le√≥n Valencia Airport,CO,Popay√°n,PPN
3300,German Olano Air Base,CO,La Dorada,PAL
3301,Antonio Nari√±o Airport,CO,Chachag√º√≠,PSO
3302,El Embrujo Airport,CO,Providencia,PVA
3303,Paz De Ariporo Airport,CO,Paz De Ariporo,PZA
3304,Mariquita Airport,CO,Mariquita,MQU
3305,Jose Maria C√≥rdova International Airport,CO,Medell√≠n,MDE
3306,Almirante Padilla Airport,CO,Riohacha,RCH
3307,Jorge E. Gonzalez Torres Airport,CO,San Jos√© Del Guaviare,SJE
3308,Sim√≥n Bol√≠var International Airport,CO,Santa Marta,SMR
3309,Gustavo Rojas Pinilla International Airport,CO,San Andr√©s,ADZ
3310,Eduardo Falla Solano Airport,CO,San Vicente Del Cagu√°n,SVI
3311,Gustavo Vargas Airport,CO,Tame,TME
3312,Captain Ernesto Esguerra Cubides Air Base,CO,Tres Esquinas,TQS
3313,Santiago Perez Airport,CO,Arauca,AUC
3314,El Cara√±o Airport,CO,Quibd√≥,UIB
3315,Heriberto G√≠l Mart√≠nez Airport,CO,Tulu√°,ULQ
3316,Alfonso L√≥pez Pumarejo Airport,CO,Valledupar,VUP
3317,Vanguardia Airport,CO,Villavicencio,VVC
3318,El Yopal Airport,CO,El Yopal,EYP
3319,Alcantar√≠ Airport,BO,Yamparaez,SRE
3320,Bermejo Airport,BO,Bermejo,BJO
3321,Jorge Wilsterman International Airport,BO,Cochabamba,CBB
3322,Capit√°n An√≠bal Arab Airport,BO,Cobija,CIJ
3323,El Trompillo Airport,BO,Santa Cruz,SRZ
3324,Guayaramer√≠n Airport,BO,Guayaramer√≠n,GYA
3325,El Alto International Airport,BO,La Paz / El Alto,LPB
3326,Juan Mendoza Airport,BO,Oruro,ORU
3327,Capitan Nicolas Rojas Airport,BO,Potos√≠,POI
3328,Capit√°n Av. Salvador Ogaya G. airport,BO,Puerto Su√°rez,PSZ
3329,Capit√°n Av. Selin Zeitun Lopez Airport,BO,Riberalta,RIB
3330,Santa Ana Del Yacuma Airport,BO,Santa Ana del Yacuma,SBL
3331,Capitan Oriel Lea Plaza Airport,BO,Tarija,TJA
3332,Teniente Av. Jorge Henrich Arauz Airport,BO,Trinidad,TDD
3333,Teniente Coronel Rafael Pab√≥n Airport,BO,Villamontes,VLM
3334,Viru Viru International Airport,BO,Santa Cruz,VVI
3335,Yacuiba Airport,BO,Yacu√≠ba,BYC
3336,Johan Adolf Pengel International Airport,SR,Zandery,PBM
3337,Dr. Luciano de Arruda Coelho Regional Airport,BR,Sobral,JSO
3338,Planalto Serrano Regional Airport,BR,Correia Pinto,EEA
3339,Linhares Municipal Airport,BR,Linhares,LHN
3340,Cayenne ‚Äì F√©lix Ebou√© Airport,GF,Matoury,CAY
3341,Saint-Georges-de-l'Oyapock Airport,GF,Saint-Georges-de-l'Oyapock,OYP
3342,Teniente General Gerardo P√©rez Pinedo Airport,PE,Atalaya,AYX
3343,Iberia Airport,PE,Iberia,IBP
3344,Cap FAP David Abenzur Rengifo International Airport,PE,Pucallpa,PCL
3345,FAP Lieutenant Jaime Andres de Montreuil Morales Airport,PE,Chimbote,CHM
3346,Air Force Captain Jose A Quinones Gonzales International Airport,PE,Chiclayo,CIX
3347,Air Force Colonel Alfredo Mendivil Duarte Airport,PE,Ayacucho,AYP
3348,Comandante FAP German Arias Graziani Airport,PE,Anta,ATA
3349,Jorge Ch√°vez International Airport,PE,Lima,LIM
3350,Juan Simons Vela Airport,PE,Rioja,RIJ
3351,Shumba Airport,PE,Ja√©n,JAE
3352,Juanjui Airport,PE,Juanju√≠,JJI
3353,Francisco Carle Airport,PE,Jauja,JAU
3354,Inca Manco Capac International Airport,PE,Juliaca,JUL
3355,Mayor General FAP Armando Revoredo Iglesias Airport,PE,Cajamarca,CJA
3356,General Jorge Fernandez Maldon Airport,PE,Ilo,ILQ
3357,Captain Pedro Canga Rodr√≠guez International Airport,PE,Tumbes,TBP
3358,Moises Benzaquen Rengifo Airport,PE,Yurimaguas,YMS
3359,Alferez Fap David Figueroa Fernandini Airport,PE,Hu√°nuco,HUU
3360,Chachapoyas Airport,PE,Chachapoyas,CHH
3361,Coronel FAP Francisco Secada Vignetta International Airport,PE,Iquitos,IQT
3362,Rodr√≠guez Ball√≥n International Airport,PE,Arequipa,AQP
3363,Capitan FAP Carlos Martinez De Pinillos International Airport,PE,Trujillo,TRU
3364,Captain Ren√°n El√≠as Olivera International Airport,PE,Pisco,PIO
3365,Cadete FAP Guillermo Del Castillo Paredes Airport,PE,Tarapoto,TPP
3366,Coronel FAP Carlos Ciriani Santa Rosa International Airport,PE,Tacna,TCQ
3367,Padre Aldamiz International Airport,PE,Puerto Maldonado,PEM
3368,Capit√°n FAP Guillermo Concha Iberico International Airport,PE,Piura,PIU
3369,Captain Victor Montes Arias International Airport,PE,Talara,TYL
3370,Maria Reiche Neuman Airport,PE,Nazca,NZC
3371,Alejandro Velasco Astete International Airport,PE,Cusco,CUZ
3372,Shangrao Sanqingshan Airport,CN,Shangrao,SQD
3373,Sanming Shaxian Airport,CN,Sanming,SQJ
3374,Ponta Grossa Airport - Comandante Antonio Amilton Beraldo,BR,Ponta Grossa,PGZ
3375,Santa Bernardina International Airport,UY,Durazno,DZO
3376,Capitan Corbeta CA Curbelo International Airport,UY,Punta del Este,PDP
3377,Carrasco General Ces√°reo L. Berisso International Airport,UY,Ciudad de la Costa,MVD
3378,Nueva Hesperides International Airport,UY,Salto,STY
3379,Oswaldo Guevara Mujica Airport,VE,Acarigua,AGV
3380,Anaco Airport,VE,Anaco,AAO
3381,General Jos√© Antonio Anzoategui International Airport,VE,Barcelona,BLA
3382,Barinas Airport,VE,Barinas,BNS
3383,Barquisimeto International Airport,VE,Barquisimeto,BRM
3384,Escuela Mariscal Sucre Airport,VE,Maracay,MYC
3385,General Tomas de Heres Airport,VE,Ciudad Bolivar,CBL
3386,Calabozo Airport,VE,Guarico,CLZ
3387,Canaima Airport,VE,Canaima,CAJ
3388,General Francisco Berm√∫dez Airport,VE,Car√∫pano,CUP
3389,Jos√© Leonardo Chirinos Airport,VE,Coro,CZE
3390,El Dorado Airport,VE,Bolivar,EOR
3391,Guasdualito Airport,VE,Guasdualito,GDO
3392,Guanare Airport,VE,Guanare,GUQ
3393,Josefa Camejo International Airport,VE,Paraguan√°,LSP
3394,La Chinita International Airport,VE,Maracaibo,MAR
3395,Alberto Carnevalli Airport,VE,M√©rida,MRD
3396,Del Caribe Santiago Mari√±o International Airport,VE,Isla Margarita,PMV
3397,Sim√≥n Bol√≠var International Airport,VE,Caracas,CCS
3398,Matur√≠n Airport,VE,Matur√≠n,MUN
3399,Cacique Aramare Airport,VE,Puerto Ayacucho,PYH
3400,General Manuel Carlos Piar International Airport,VE,Puerto Ordaz-Ciudad Guayana,PZO
3401,Palmarito Airport,VE,Palmarito,PTM
3402,Mayor Buenaventura Vivas International Airport,VE,Santo Domingo,STD
3403,Sub Teniente Nestor Arias Airport,VE,San Felipe,SNF
3404,San Fernando De Apure Airport,VE,Inglaterra,SFD
3405,San Tom√© Airport,VE,El Tigre,SOM
3406,Miguel Urdaneta Fern√°ndez Airport,VE,San Carlos del Zulia,STB
3407,Tucupita Airport,VE,Tucupita,TUV
3408,Arturo Michelena International Airport,VE,Valencia,VLN
3409,Juan Pablo P√©rez Alfonso Airport,VE,El Vig√≠a,VIG
3410,Dr. Antonio Nicol√°s Brice√±o Airport,VE,Valera,VLV
3411,Aragua√≠na Airport,BR,Aragua√≠na,AUX
3412,Maestro Marinho Franco Airport,BR,Rondon√≥polis,ROO
3413,Cheddi Jagan International Airport,GY,Georgetown,GEO
3414,Eugene F. Correira International Airport,GY,Ogle,OGL
3415,Lethem Airport,GY,Lethem,LTM
3416,Qingdao Jiaodong International Airport,CN,Qingdao (Jiaozhou),TAO
3417,V C Bird International Airport,AG,Osbourn,ANU
3418,Codrington Airport,AG,Codrington,BBQ
3419,Grantley Adams International Airport,BB,Bridgetown,BGI
3420,Canefield Airport,DM,Canefield,DCF
3421,Douglas-Charles Airport,DM,Marigot,DOM
3422,Martinique Aim√© C√©saire International Airport,MQ,Fort-de-France,FDF
3423,Grand Case-Esp√©rance Airport,MF,Grand Case,SFG
3424,Saint Barth√©lemy - R√©my de Haenen Airport,BL,Gustavia / Saint-Jean,SBH
3425,Marie-Galante Airport,GP,Grand Bourg,GBJ
3426,Pointe-√†-Pitre Le Raizet International  Airport,GP,Pointe-√†-Pitre,PTP
3427,Maurice Bishop International Airport,GD,Saint George's,GND
3428,Cyril E. King Airport,VI,Charlotte Amalie,STT
3429,Henry E Rohlsen Airport,VI,Christiansted,STX
3430,Antonio Nery Juarbe Pol Airport,PR,Arecibo,ARE
3431,Rafael Hern√°ndez International Airport,PR,Aguadilla,BQN
3432,Benjamin Rivera Noriega Airport,PR,Culebra,CPX
3433,Fernando Luis Ribas Dominicci Airport,PR,San Juan,SIG
3434,Eugenio Maria De Hostos Airport,PR,Mayaguez,MAZ
3435,Mercedita Airport,PR,Ponce,PSE
3436,Jos√© Aponte de la Torre Airport,PR,Ceiba,NRR
3437,Luis Munoz Marin International Airport,PR,San Juan,SJU
3438,Antonio Rivera Rodriguez Airport,PR,Vieques,VQS
3439,Robert L. Bradshaw International Airport,KN,Basseterre,SKB
3440,Vance W. Amory International Airport,KN,Charlestown,NEV
3441,George F. L. Charles Airport,LC,Castries,SLU
3442,Hewanorra International Airport,LC,Vieux Fort,UVF
3443,Queen Beatrix International Airport,AW,Oranjestad,AUA
3444,Flamingo International Airport,BQ,"Kralendijk, Bonaire",BON
3445,Hato International Airport,CW,Willemstad,CUR
3446,F. D. Roosevelt Airport,BQ,Sint Eustatius,EUX
3447,Princess Juliana International Airport,SX,Saint Martin,SXM
3448,Juancho E. Yrausquin Airport,BQ,Saba,SAB
3449,Jumandy Airport,EC,Ahuano,TNW
3450,Clayton J Lloyd International Airport,AI,The Valley,AXA
3451,√áukurova International Airport,TR,Tarsus,COV
3452,John A. Osborne Airport,MS,Gerald's Park,MNI
3453,A.N.R. Robinson International Airport,TT,Scarborough,TAB
3454,Piarco International Airport,TT,Port of Spain,POS
3455,Terrance B. Lettsome International Airport,VG,Road Town,EIS
3456,Argyle International Airport,VC,Kingstown,SVD
3457,J F Mitchell Airport,VC,Bequia,BQU
3458,Canouan Airport,VC,Canouan,CIW
3459,Mustique Airport,VC,Mustique Island,MQS
3460,Union Island International Airport,VC,Union Island,UNI
3461,L.F. Wade International Airport,BM,Hamilton,BDA
3462,Almaty International Airport,KZ,Almaty,ALA
3463,Balkhash Airport,KZ,Balkhash,BXH
3464,Taldykorgan Airport,KZ,Taldykorgan,TDK
3465,Nursultan Nazarbayev International Airport,KZ,Astana,NQZ
3466,Kokshetau Airport,KZ,Kokshetau,KOV
3467,Petropavl Airport,KZ,Petropavl,PPK
3468,Taraz Airport,KZ,Taraz,DMB
3469,Issyk-Kul International Airport,KG,Tamchy,IKU
3470,Manas International Airport,KG,Bishkek,FRU
3471,Osh Airport,KG,Osh,OSS
3472,Shymkent Airport,KZ,Shymkent,CIT
3473,Hazrat Sultan International Airport,KZ,Turkƒ±stan,HSA
3474,Zhezkazgan National Airport,KZ,Zhezkazgan,DZN
3475,Sary-Arka Airport,KZ,Karaganda,KGF
3476,Uralsk Airport,KZ,Uralsk,URA
3477,Ekibastuz Airport,KZ,Ekibastuz,EKB
3478,Ust-Kamenogorsk Airport,KZ,Ust-Kamenogorsk (Oskemen),UKK
3479,Pavlodar Airport,KZ,Pavlodar,PWQ
3480,Semey Airport,KZ,Semey,PLX
3481,Aktau Airport,KZ,Aktau,SCO
3482,Atyrau International Airport,KZ,Atyrau,GUW
3483,Aktobe Airport,KZ,Aktobe,AKX
3484,Kostanay West Airport,KZ,Kostanay,KSN
3485,Heydar Aliyev International Airport,AZ,Baku,GYD
3486,Ganja International Airport,AZ,Ganja,GNJ
3487,Nakhchivan Airport,AZ,Nakhchivan,NAJ
3488,Gabala International Airport,AZ,Gabala,GBB
3489,Zaqatala International Airport,AZ,Zaqatala,ZTU
3490,Shirak International Airport,AM,Gyumri,LWN
3491,Zvartnots International Airport,AM,Yerevan,EVN
3492,Yakutsk Airport,RU,Yakutsk,YKS
3493,Chulman Airport,RU,Neryungri,NER
3494,Moma Airport,RU,Khonuu,MQJ
3495,Magan Airport,RU,Magan,GYG
3496,Olyokminsk Airport,RU,Olyokminsk,OLZ
3497,Ust-Nera Airport,RU,Ust-Nera,USR
3498,Vilyuisk Airport,RU,Vilyuisk,VYI
3499,Lensk Airport,RU,Lensk,ULK
3500,Polyarny Airport,RU,Yakutia,PYJ
3501,Mirny Airport,RU,Mirny,MJZ
3502,Saskylakh Airport,RU,Saskylakh,SYS
3503,Belaya Gora Airport,RU,Belaya Gora,BGN
3504,Srednekolymsk Airport,RU,Srednekolymsk,SEK
3505,Chokurdakh Airport,RU,Chokurdah,CKH
3506,Cherskiy Airport,RU,Cherskiy,CYX
3507,Tiksi Airport,RU,Tiksi,IKS
3508,Zyryanka Airport,RU,Zyryanka,ZKP
3509,David the Builder Kutaisi International Airport,GE,Kopitnari,KUT
3510,Batumi International Airport,GE,Batumi,BUS
3511,Sukhumi Babushara /  Vladislav Ardzinba International Airport,GE,Sukhumi,SUI
3512,Tbilisi International Airport,GE,Tbilisi,TBS
3513,Ignatyevo Airport,RU,Blagoveschensk,BQS
3514,Khabarovsk Novy Airport,RU,Khabarovsk,KHV
3515,Komsomolsk-on-Amur Airport,RU,Komsomolsk-on-Amur,KXK
3516,Sovetskaya Gavan (Maygatka) Airport,RU,Sovetskaya Gavan,GVN
3517,Ugolny Yuri Ryktheu Airport,RU,Anadyr,DYR
3518,Provideniya Bay Airport,RU,Chukotka,PVS
3519,Keperveem Airport,RU,Keperveem,KPW
3520,Sokol Airport,RU,Magadan,GDX
3521,Pevek Airport,RU,Apapelgino,PWE
3522,Severo-Evensk Airport,RU,Evensk,SWV
3523,Nikolayevsk-na-Amure Airport,RU,Nikolayevsk-na-Amure Airport,NLI
3524,Okhotsk Airport,RU,Okhotsk,OHO
3525,Yelizovo Airport,RU,Petropavlovsk-Kamchatsky,PKC
3526,Yuzhno-Sakhalinsk Airport,RU,Yuzhno-Sakhalinsk,UUS
3527,Vladivostok International Airport,RU,Artyom,VVO
3528,Chita-Kadala International Airport,RU,Chita,HTA
3529,Bratsk Airport,RU,Bratsk,BTK
3530,Irkutsk International Airport,RU,Irkutsk,IKT
3531,Ust-Kut Airport,RU,Ust-Kut,UKX
3532,Baikal International Airport,RU,Ulan Ude,UUD
3533,Boryspil International Airport,UA,Boryspil,KBP
3534,Mariupol International Airport,UA,Mariupol,MPW
3535,Berdyansk Airport,UA,Berdyansk,ERD
3536,Dnipro International Airport,UA,Dnipro,DNK
3537,Zaporizhzhia International Airport,UA,Zaporizhia,OZH
3538,Kryvyi Rih International Airport,UA,Kryvyi Rih,KWG
3539,Sevastopol International Airport / Belbek Air Base,UA,Sevastopol,UKS
3540,Simferopol International Airport,UA,Simferopol,SIP
3541,Kharkiv International Airport,UA,Kharkiv,HRK
3542,Cherkasy International Airport,UA,Cherkasy,CKC
3543,Ihor Sikorsky Kyiv International Airport (Zhuliany),UA,Kyiv,IEV
3544,Khmelnytskyi Airport,UA,Khmelnytskyi,HMJ
3545,Ivano-Frankivsk International Airport,UA,Ivano-Frankivsk,IFO
3546,Lviv International Airport,UA,Lviv,LWO
3547,Chernivtsi International Airport,UA,Chernivtsi,CWC
3548,Rivne International Airport,UA,Rivne,RWN
3549,Uzhhorod International Airport,UA,Uzhhorod,UDJ
3550,Kherson International Airport,UA,Kherson,KHE
3551,Mykolaiv International Airport,UA,Nikolayev,NLV
3552,Odessa International Airport,UA,Odessa,ODS
3553,Vinnytsia/Gavyryshivka International Airport,UA,Vinnitsa,VIN
3554,Talagi Airport,RU,Archangelsk,ARH
3555,Vaskovo Airport,RU,Arkhangelsk,VKV
3556,Naryan Mar Airport,RU,Naryan Mar,NNM
3557,Cherepovets Airport,RU,Cherepovets,CEE
3558,Amderma Airport,RU,Amderma,AMV
3559,Majeed Bin Abdulaziz Airport,SA,Al Ula,ULH
3560,Kotlas Airport,RU,Kotlas,KSZ
3561,Pulkovo Airport,RU,St. Petersburg,LED
3562,Murmansk Airport,RU,Murmansk,MMK
3563,Pskov Airport,RU,Pskov,PKV
3564,Petrozavodsk Airport,RU,Petrozavodsk,PES
3565,Vologda Airport,RU,Vologda,VGD
3566,Brest Airport,BY,Brest,BQT
3567,Gomel Airport,BY,Gomel,GME
3568,Vitebsk Vostochny Airport,BY,Vitebsk,VTB
3569,Khrabrovo Airport,RU,Kaliningrad,KGD
3570,Hrodna Airport,BY,Hrodna,GNA
3571,Minsk National Airport,BY,Minsk,MSQ
3572,Mogilev Airport,BY,Mogilev,MVQ
3573,Abakan International Airport,RU,Abakan,ABA
3574,Barnaul Airport,RU,Barnaul,BAX
3575,Gorno-Altaysk Airport,RU,Gorno-Altaysk,RGK
3576,Kemerovo Airport,RU,Kemerovo,KEJ
3577,Baykit Airport,RU,Baykit,BKA
3578,Yeniseysk Airport,RU,Yeniseysk,EIE
3579,Podkamennaya Tunguska Airport,RU,Bor,TGP
3580,Severo-Yeniseysk Airport,RU,Severo-Yeniseysk,VEO
3581,Vanavara Airport,RU,Vanavara,VAQ
3582,Krasnoyarsk International Airport,RU,Krasnoyarsk,KJA
3583,Krasnoyarsk Cheremshanka Airport,RU,Krasnoyarsk,KCY
3584,Achinsk Airport,RU,Achinsk,ACS
3585,Kyzyl Airport,RU,Kyzyl,KYZ
3586,Novosibirsk Tolmachevo Airport,RU,Novosibirsk,OVB
3587,Omsk Central Airport,RU,Omsk,OMS
3588,Strezhevoy Airport,RU,Strezhevoy,SWT
3589,Bogashevo Airport,RU,Tomsk,TOF
3590,Spichenkovo Airport,RU,Novokuznetsk,NOZ
3591,Dikson Airport,RU,Dikson,DKS
3592,Khatanga Airport,RU,Khatanga,HTG
3593,Svetlogorsk Airport,RU,Svetlogorsk,SES
3594,Igarka Airport,RU,Igarka,IAA
3595,Norilsk-Alykel Airport,RU,Norilsk,NSK
3596,Anapa Vityazevo Airport,RU,Krasnyi Kurgan,AAQ
3597,Yeysk Airport,RU,Yeysk,EIK
3598,Gelendzhik Airport,RU,Gelendzhik,GDZ
3599,Krasnodar Pashkovsky International Airport,RU,Krasnodar,KRR
3600,Makhachkala Uytash International Airport,RU,Makhachkala,MCX
3601,Mineralnyye Vody Airport,RU,Mineralnyye Vody,MRV
3602,Nalchik Airport,RU,Nalchik,NAL
3603,Vladikavkaz Beslan International Airport,RU,Beslan,OGZ
3604,Magas Airport,RU,Sunzha,IGT
3605,Stavropol Shpakovskoye Airport,RU,Stavropol,STW
3606,Platov International Airport,RU,Rostov-on-Don,ROV
3607,Taganrog Yuzhny Airport,RU,Taganrog,TGK
3608,Sochi International Airport,RU,Sochi,AER
3609,Astrakhan Narimanovo Boris M. Kustodiev International Airport,RU,Astrakhan,ASF
3610,Elista Airport,RU,Elista,ESL
3611,Volgograd International Airport,RU,Volgograd,VOG
3612,Williston Basin International Airport,US,Williston,XWA
3613,Chelyabinsk Balandino Airport,RU,Chelyabinsk,CEK
3614,Magnitogorsk International Airport,RU,Magnitogorsk,MQF
3615,Sabetta International Airport,RU,Sabetta,SBT
3616,Bovanenkovo Airport,RU,Bovanenkovo,BVJ
3617,Salekhard Airport,RU,Salekhard,SLY
3618,Khanty Mansiysk Airport,RU,Khanty-Mansiysk,HMA
3619,Nyagan Airport,RU,Nyagan,NYA
3620,Sovetskiy Airport,RU,Sovetskiy,OVS
3621,Uray Airport,RU,Uray,URJ
3622,Izhevsk Airport,RU,Izhevsk,IJK
3623,Pobedilovo Airport,RU,Kirov,KVX
3624,Nadym Airport,RU,Nadym,NYM
3625,Novy Urengoy Airport,RU,Novy Urengoy,NUX
3626,Nizhnevartovsk Airport,RU,Nizhnevartovsk,NJC
3627,Perm International Airport,RU,Perm,PEE
3628,Kogalym International Airport,RU,Kogalym,KGP
3629,Nefteyugansk Airport,RU,Nefteyugansk,NFG
3630,Noyabrsk Airport,RU,Noyabrsk,NOJ
3631,Surgut Airport,RU,Surgut,SGC
3632,Koltsovo Airport,RU,Yekaterinburg,SVX
3633,Remezov Airport,RU,Tobolsk,RMZ
3634,Roshchino International Airport,RU,Tyumen,TJM
3635,Kurgan Airport,RU,Kurgan,KRO
3636,Ashgabat International Airport,TM,Ashgabat,ASB
3637,Turkmenbashi International Airport,TM,Turkmenbashi,KRW
3638,Mary International Airport,TM,Mary,MYP
3639,Da≈üoguz Airport,TM,Da≈üoguz,TAZ
3640,T√ºrkmenabat International Airport,TM,T√ºrkmenabat,CRZ
3641,Dushanbe Airport,TJ,Dushanbe,DYU
3642,Kulob Airport,TJ,Kulyab,TJU
3643,Khujand Airport,TJ,Khujand,LBD
3644,Qurghonteppa International Airport,TJ,Kurgan-Tyube,KQT
3645,Andizhan Airport,UZ,Andizhan,AZN
3646,Fergana International Airport,UZ,Fergana,FEG
3647,Nukus Airport,UZ,Nukus,NCU
3648,Urgench Airport,UZ,Urgench,UGC
3649,Navoi Airport,UZ,Navoi,NVI
3650,Bukhara International Airport,UZ,Bukhara,BHK
3651,Samarkand Airport,UZ,Samarkand,SKD
3652,Termez Airport,UZ,Termez,TMJ
3653,Tashkent International Airport,UZ,Tashkent,TAS
3654,Kostroma Sokerkino Airport,RU,Kostroma,KMW
3655,Grabtsevo Airport,RU,Kaluga,KLF
3656,Ivanovo South Airport,RU,Ivanovo,IWA
3657,Staroselye Airport,RU,Rybinsk,RYB
3658,Bryansk Airport,RU,Bryansk,BZK
3659,Zhukovsky International Airport,RU,Moscow,ZIA
3660,Domodedovo International Airport,RU,Moscow,DME
3661,Sheremetyevo International Airport,RU,Moscow,SVO
3662,Migalovo Air Base,RU,Tver,KLD
3663,Ostafyevo International Airport,RU,Moscow,OSF
3664,Chkalovskiy Air Base,RU,Moscow,CKL
3665,Belgorod International Airport,RU,Belgorod,EGO
3666,Kursk East Airport,RU,Kursk,URS
3667,Lipetsk Airport,RU,Lipetsk,LPK
3668,Voronezh International Airport,RU,Voronezh,VOZ
3669,Donskoye Airport,RU,Tambov,TBW
3670,Vnukovo International Airport,RU,Moscow,VKO
3671,Ukhta Airport,RU,Ukhta,UCT
3672,Inta Airport,RU,Inta,INA
3673,Pechora Airport,RU,Pechora,PEX
3674,Usinsk Airport,RU,Usinsk,USK
3675,Vorkuta Airport,RU,Vorkuta,VKT
3676,Ust-Tsylma Airport,RU,Ust-Tsylma,UTS
3677,Syktyvkar Airport,RU,Syktyvkar,SCW
3678,Nizhny Novgorod Strigino International Airport,RU,Nizhny Novgorod,GOJ
3679,Bugulma Airport,RU,Bugulma,UUA
3680,Kazan International Airport,RU,Kazan,KZN
3681,Begishevo Airport,RU,Nizhnekamsk,NBC
3682,Yoshkar-Ola Airport,RU,Yoshkar-Ola,JOK
3683,Cheboksary Airport,RU,Cheboksary,CSY
3684,Zhigansk Airport,RU,Zhigansk,ZIX
3685,Ulyanovsk Baratayevka Airport,RU,Ulyanovsk,ULV
3686,Ulyanovsk East Airport,RU,Cherdakly,ULY
3687,Orenburg Central Airport,RU,Orenburg,REN
3688,Orsk Airport,RU,Orsk,OSW
3689,Penza Airport,RU,Penza,PEZ
3690,Saransk Airport,RU,Saransk,SKX
3691,Balakovo Airport,RU,Balakovo,BWO
3692,Gagarin International Airport,RU,Saratov,GSV
3693,Ufa International Airport,RU,Ufa,UFA
3694,Kurumoch International Airport,RU,Samara,KUF
3695,"Rewa Airport, Chorhata, REWA",IN,Rewa,REW
3696,Gondia Airport,IN,Gondia,GDB
3697,Sardar Vallabh Bhai Patel International Airport,IN,Ahmedabad,AMD
3698,Akola Airport,IN,Akola,AKD
3699,Aurangabad Airport,IN,Aurangabad,IXU
3700,Chhatrapati Shivaji International Airport,IN,Mumbai,BOM
3701,Bilaspur Airport,IN,Bilaspur,PAB
3702,Bhuj Airport,IN,Bhuj,BHJ
3703,Belagavi Airport,IN,Belgaum,IXG
3704,Vadodara Airport,IN,Vadodara,BDQ
3705,Raja Bhoj International Airport,IN,Bhopal,BHO
3706,Bhavnagar Airport,IN,Bhavnagar,BHU
3707,Daman Airport,IN,Daman,NMB
3708,Dabolim Airport,IN,Vasco da Gama,GOI
3709,Hubli Airport,IN,Hubli,HBX
3710,Rajkot International Airport,IN,Rajkot,HSR
3711,Devi Ahilyabai Holkar Airport,IN,Indore,IDR
3712,Jabalpur Airport,IN,Jabalpur,JLR
3713,Jamnagar Airport,IN,Jamnagar,JGA
3714,Kandla Airport,IN,Kandla,IXY
3715,Khajuraho Airport,IN,Khajuraho,HJR
3716,Kolhapur Airport,IN,Kolhapur,KLH
3717,Keshod Airport,IN,Keshod,IXK
3718,Nanded Airport,IN,Nanded,NDC
3719,Dr. Babasaheb Ambedkar International Airport,IN,Nagpur,NAG
3720,Nashik Airport,IN,Nasik,ISK
3721,Pune Airport / Lohagaon Air Force Station,IN,Pune,PNQ
3722,Porbandar Airport,IN,Porbandar,PBD
3723,Rajkot Airport,IN,Rajkot,RAJ
3724,Swami Vivekananda Airport,IN,Raipur,RPR
3725,Shirdi Airport,IN,Kakadi,SAG
3726,Solapur Airport,IN,Solapur,SSE
3727,Surat Airport,IN,Surat,STV
3728,Maharana Pratap Airport,IN,Udaipur,UDR
3729,Bandaranaike International Colombo Airport,LK,Colombo,CMB
3730,Anuradhapura Airport,LK,Anuradhapura,ACJ
3731,Batticaloa Airport,LK,Batticaloa,BTC
3732,Colombo Ratmalana Airport,LK,Colombo,RML
3733,Ampara Airport,LK,Ampara,ADP
3734,Hingurakgoda Air Force Base,LK,Polonnaruwa Town,HIM
3735,Jaffna International Airport,LK,Jaffna,JAF
3736,Koggala Airport,LK,Galle,KCT
3737,China Bay Airport,LK,Trincomalee,TRR
3738,Mattala Rajapaksa International Airport,LK,Mattala,HRI
3739,Battambang Airport,KH,Battambang,BBM
3740,Kampong Chhnang Airport,KH,Kampong Chhnang,KZC
3741,Phnom Penh International Airport,KH,Phnom Penh (Pou Senchey),PNH
3742,Ratanakiri Airport,KH,Ratanakiri,RBE
3743,Siem Reap-Angkor International Airport,KH,Siem Reap,SAI
3744,Darbhanga Airport,IN,Darbhanga,DBR
3745,Agartala - Maharaja Bir Bikram Airport,IN,Agartala,IXA
3746,Bagdogra Airport,IN,Siliguri,IXB
3747,Shillong Airport,IN,Shillong,SHL
3748,Biju Patnaik Airport,IN,Bhubaneswar,BBI
3749,Netaji Subhash Chandra Bose International Airport,IN,Kolkata,CCU
3750,Kazi Nazrul Islam Airport,IN,Durgapur,RDP
3751,Gorakhpur Airport,IN,Gorakhpur,GOP
3752,Lokpriya Gopinath Bordoloi International Airport,IN,Guwahati,GAU
3753,Gaya Airport,IN,Gaya,GAY
3754,Imphal Airport,IN,Imphal,IMF
3755,Sonari Airport,IN,Jamshedpur,IXW
3756,Jorhat Airport,IN,Jorhat,JRH
3757,Kushinagar International Airport,IN,Kushinagar,KBK
3758,Kailashahar Airport,IN,Kailashahar,IXH
3759,Silchar Airport,IN,Silchar,IXS
3760,Lengpui Airport,IN,Aizawl (Lengpui),AJL
3761,Lilabari North Lakhimpur Airport,IN,Lilabari,IXI
3762,Dibrugarh Airport,IN,Dibrugarh,DIB
3763,Dimapur Airport,IN,Dimapur,DMU
3764,Muzaffarpur Airport,IN,Muzaffarpur,MZU
3765,Jay Prakash Narayan Airport,IN,Patna,PAT
3766,Birsa Munda Airport,IN,Ranchi,IXR
3767,Rourkela Airport,IN,Rourkela,RRK
3768,Visakhapatnam Airport,IN,Visakhapatnam,VTZ
3769,Ziro Airport,IN,Ziro,ZER
3770,Barisal Airport,BD,Barisal,BZL
3771,Cox's Bazar Airport,BD,Cox's Bazar,CXB
3772,Shah Amanat International Airport,BD,Chattogram (Chittagong),CGP
3773,Ishurdi Airport,BD,Ishurdi,IRD
3774,Jessore Airport,BD,Jashore (Jessore),JSR
3775,Shah Mokhdum Airport,BD,Rajshahi,RJH
3776,Saidpur Airport,BD,Saidpur,SPD
3777,Osmany International Airport,BD,Sylhet,ZYL
3778,Hazrat Shahjalal International Airport,BD,Dhaka,DAC
3779,Hong Kong International Airport,HK,Hong Kong,HKG
3780,Agra Airport / Agra Air Force Station,IN,Agra,AGR
3781,Prayagraj Airport,IN,Allahabad,IXD
3782,Sri Guru Ram Dass Jee International Airport,IN,Amritsar,ATQ
3783,Nal Airport,IN,Bikaner,BKB
3784,Lal Bahadur Shastri Airport,IN,Varanasi,VNS
3785,Kullu Manali Airport,IN,Bhuntar,KUU
3786,Bareilly Air Force Station,IN,Bareilly,BEK
3787,Chandigarh International Airport,IN,Chandigarh,IXC
3788,Kanpur Airport,IN,Kanpur,KNU
3789,Dehradun Jolly Grant Airport,IN,Dehradun (Jauligrant),DED
3790,Indira Gandhi International Airport,IN,New Delhi,DEL
3791,Kangra Airport,IN,Kangra,DHM
3792,Gwalior Airport,IN,Gwalior,GWL
3793,Hisar Airport,IN,Hisar,HSS
3794,Jodhpur Airport,IN,Jodhpur,JDH
3795,Jaipur International Airport,IN,Jaipur,JAI
3796,Jammu Airport,IN,Jammu,IXJ
3797,Kishangarh Airport Ajmer,IN,Ajmer (Kishangarh),KQH
3798,Kota Airport,IN,Kota,KTU
3799,Leh Kushok Bakula Rimpochee Airport,IN,Leh,IXL
3800,Chaudhary Charan Singh International Airport,IN,Lucknow,LKO
3801,Moradabad Airport,IN,Moradabad,MZS
3802,Pathankot Airport,IN,Pathankot,IXP
3803,Pantnagar Airport,IN,Pantnagar,PGH
3804,Sheikh ul Alam International Airport,IN,Srinagar,SXR
3805,Luang Phabang International Airport,LA,Luang Phabang,LPQ
3806,Pakse International Airport,LA,Pakse,PKZ
3807,Wattay International Airport,LA,Vientiane,VTE
3808,Doctor Juan Plate National Airport,PY,Puerto Vallemi,VMI
3809,Macau International Airport,MO,Nossa Senhora do Carmo,MFM
3810,Dong Hoi Airport,VN,Dong Hoi,VDH
3811,Gautam Buddha International Airport,NP,Siddharthanagar (Bhairahawa),BWA
3812,Janakpur Airport,NP,Janakpur,JKR
3813,Tribhuvan International Airport,NP,Kathmandu,KTM
3814,Nepalgunj Airport,NP,Nepalgunj,KEP
3815,Taplejung Airport,NP,Taplejung,TPJ
3816,Biratnagar Airport,NP,Biratnagar,BIR
3817,Murod Kond Airport,IN,Latur,LTU
3818,Agatti Airport,IN,Agatti,AGX
3819,Bellary Airport,IN,Bellary,BEP
3820,Kempegowda International Airport,IN,Bangalore,BLR
3821,Bidar Airport / Bidar Air Force Station,IN,Bidar,IXX
3822,Vijayawada Airport,IN,Gannavaram,VGA
3823,Coimbatore International Airport,IN,Coimbatore,CJB
3824,Cochin International Airport,IN,Kochi,COK
3825,Calicut International Airport,IN,Calicut,CCJ
3826,Kadapa Airport,IN,Kadapa,CDP
3827,Car Nicobar Air Force Base,IN,IAF Camp,CBD
3828,Rajiv Gandhi International Airport,IN,Hyderabad,HYD
3829,Begumpet Airport,IN,Hyderabad,BPM
3830,Kannur International Airport,IN,Kannur,CNN
3831,Kurnool Airport,IN,Orvakal,KJB
3832,Madurai Airport,IN,Madurai,IXM
3833,Mangalore International Airport,IN,Mangalore,IXE
3834,Chennai International Airport,IN,Chennai,MAA
3835,Veer Savarkar International Airport / INS Utkrosh,IN,Port Blair,IXZ
3836,Pondicherry Airport,IN,Puducherry (Pondicherry),PNY
3837,Sri Sathya Sai Airport,IN,Puttaparthi,PUT
3838,Rajahmundry Airport,IN,Madhurapudi,RJA
3839,Salem Airport,IN,Salem,SXV
3840,Sindhudurg Airport,IN,Sindhudurg,SDW
3841,Tiruchirappalli International Airport,IN,Tiruchirappalli,TRZ
3842,Thiruvananthapuram International Airport,IN,Thiruvananthapuram,TRV
3843,Gelephu Airport,BT,Gelephu,GLU
3844,Paro International Airport,BT,Paro,PBH
3845,Maafaru International Airport,MV,Noonu Atoll,NMF
3846,Gan International Airport,MV,Gan,GAN
3847,Hanimaadhoo Airport,MV,Haa Dhaalu Atoll,HAQ
3848,Kadhdhoo Airport,MV,Kadhdhoo,KDO
3849,Mal√© International Airport,MV,Mal√©,MLE
3850,Kaadedhdhoo Airport,MV,Huvadhu Atoll,KDM
3851,Villa International Airport Maamigili,MV,Maamigili,VAM
3852,Don Mueang International Airport,TH,Bangkok,DMK
3853,Kamphaeng Saen Airport,TH,Nakhon Pathom,KDT
3854,Trat Airport,TH,Laem Ngop,TDX
3855,Suvarnabhumi Airport,TH,Bangkok,BKK
3856,U-Tapao International Airport,TH,Rayong,UTP
3857,Chiang Mai International Airport,TH,Chiang Mai,CNX
3858,Mae Hong Son Airport,TH,Mae Hong Son,HGN
3859,Mae Fah Luang - Chiang Rai International Airport,TH,Chiang Rai,CEI
3860,Hua Hin Airport,TH,Hua Hin,HHQ
3861,Phitsanulok Airport,TH,Phitsanulok,PHS
3862,Surat Thani Airport,TH,Surat Thani,URT
3863,Chumphon Airport,TH,Chumphon,CJM
3864,Nakhon Si Thammarat Airport,TH,Nakhon Si Thammarat,NST
3865,Krabi Airport,TH,Krabi,KBV
3866,Samui Airport,TH,Na Thon (Ko Samui Island),USM
3867,Phuket International Airport,TH,Phuket,HKT
3868,Ranong Airport,TH,Ranong,UNN
3869,Hat Yai International Airport,TH,Hat Yai,HDY
3870,Trang Airport,TH,Trang,TST
3871,Udon Thani Airport,TH,Udon Thani,UTH
3872,Surin Airport,TH,Surin,PXR
3873,Khon Kaen Airport,TH,Khon Kaen,KKC
3874,Buri Ram Airport,TH,Buriram,BFV
3875,Nakhon Ratchasima Airport,TH,Chaloem Phra Kiat,NAK
3876,Ubon Ratchathani Airport,TH,Ubon Ratchathani,UBP
3877,Roi Et Airport,TH,Roi Et,ROI
3878,Nakhon Phanom Airport,TH,Nakhon Phanom,KOP
3879,Buon Ma Thuot Airport,VN,Buon Ma Thuot,BMV
3880,Cat Bi International Airport,VN,Haiphong (Hai An),HPH
3881,C√† Mau Airport,VN,Ca Mau City,CAH
3882,Cam Ranh International Airport / Cam Ranh Air Base,VN,Cam Ranh,CXR
3883,Con Dao Airport,VN,Con Dao,VCS
3884,Can Tho International Airport,VN,Can Tho,VCA
3885,Dien Bien Phu Airport,VN,Dien Bien Phu,DIN
3886,Lien Khuong Airport,VN,Da Lat,DLI
3887,Da Nang International Airport,VN,Da Nang,DAD
3888,Noi Bai International Airport,VN,Hanoi (Soc Son),HAN
3889,Phu Bai International Airport,VN,Hu·∫ø,HUI
3890,Phu Cat Airport,VN,Quy Nohn,UIH
3891,Pleiku Airport,VN,Pleiku,PXU
3892,Phu Quoc International Airport,VN,Phu Quoc Island,PQC
3893,Rach Gia Airport,VN,Rach Gia,VKG
3894,Dong Tac Airport,VN,Tuy Hoa,TBB
3895,Tan Son Nhat International Airport,VN,Ho Chi Minh City,SGN
3896,Van Don International Airport,VN,Van Don,VDO
3897,Vinh Airport,VN,Vinh,VII
3898,Dawei Airport,MM,Dawei,TVY
3899,Nay Pyi Taw International Airport,MM,Pyinmana,NYT
3900,Kengtung Airport,MM,Kengtung,KET
3901,Kyaukpyu Airport,MM,Kyaukpyu,KYP
3902,Kawthoung Airport,MM,Kawthoung,KAW
3903,Loikaw Airport,MM,Loikaw,LIW
3904,Lashio Airport,MM,Lashio,LSH
3905,Mandalay International Airport,MM,Mandalay,MDL
3906,Myeik Airport,MM,Mkeik,MGZ
3907,Myitkyina Airport,MM,Myitkyina,MYT
3908,Mong Hsat Airport,MM,Mong Hsat,MOG
3909,Namsang Airport,MM,Namsang,NMS
3910,Putao Airport,MM,Putao,PBU
3911,Sittwe Airport,MM,Sittwe,AKY
3912,Thandwe Airport,MM,Thandwe,SNW
3913,Tachileik Airport,MM,Tachileik,THL
3914,Yangon International Airport,MM,Yangon,RGN
3915,Hasanuddin International Airport,ID,Ujung Pandang,UPG
3916,Frans Kaisiepo Airport,ID,Biak,BIK
3917,Mozes Kilangin Airport,ID,Timika,TIM
3918,Ngurah Rai (Bali) International Airport,ID,Denpasar,DPS
3919,Lombok International Airport,ID,Mataram,LOP
3920,Pitu Airport,ID,Gotalalamo-Morotai Island,OTI
3921,Toraja Airport,ID,Toraja,TRT
3922,Mutiara - SIS Al-Jufrie Airport,ID,Palu,PLW
3923,Kasiguncu Airport,ID,Poso-Celebes Island,PSJ
3924,Syukuran Aminuddin Amir Airport,ID,Luwok,LUW
3925,Tjilik Riwut Airport,ID,Palangkaraya,PKY
3926,Yogyakarta International Airport,ID,Yogyakarta,YIA
3927,Tunggul Wulung Airport,ID,Cilacap,CXP
3928,Dortheys Hiyo Eluay International Airport,ID,Sentani,DJJ
3929,Oksibil Airport,ID,Oksibil,OKL
3930,Mopah International Airport,ID,Merauke,MKQ
3931,Tanah Merah Airport,ID,Tanah Merah,TMH
3932,Kalimarau Airport,ID,Tanjung Redeb - Borneo Island,BEJ
3933,Sultan Aji Muhammad Sulaiman Sepinggan International Airport,ID,Balikpapan,BPN
3934,Juwata International Airport / Suharnoko Harbani AFB,ID,Tarakan,TRK
3935,Aji Pangeran Tumenggung Pranoto International Airport,ID,Samarinda,AAP
3936,Naha Airport,ID,Tahuna-Sangihe Island,NAH
3937,Sam Ratulangi Airport,ID,Manado,MDC
3938,Sultan Babullah Airport,ID,Sango,TTE
3939,Warukin Airport,ID,Tanta-Tabalong,TJG
3940,Syamsudin Noor International Airport,ID,Landasan Ulin,BDJ
3941,Karel Sadsuitubun Airport,ID,Langgur,LUV
3942,Pattimura International Airport,ID,Ambon,AMQ
3943,Abdul Rachman Saleh Airport,ID,Malang,MLG
3944,Adisutjipto International Airport,ID,Yogyakarta,JOG
3945,Adisumarmo International Airport,ID,Surakarta,SOC
3946,Juanda International Airport,ID,Surabaya,SUB
3947,Achmad Yani Airport,ID,Semarang,SRG
3948,Fakfak Airport,ID,Fakfak,FKQ
3949,Kaimana Airport,ID,Kaimana,KNG
3950,Babo Airport,ID,Babo,BXB
3951,Rendani Airport,ID,Manokwari,MKW
3952,Wamena Airport,ID,Wamena,WMX
3953,Matahora Airport,ID,Wangi-wangi Island,WNI
3954,Domine Eduard Osok Airport,ID,Sorong,SOQ
3955,Bintulu Airport,MY,Bintulu,BTU
3956,Kuching International Airport,MY,Kuching,KCH
3957,Limbang Airport,MY,Limbang,LMN
3958,Mukah Airport,MY,Mukah,MKM
3959,Marudi Airport,MY,Marudi,MUR
3960,Miri Airport,MY,Miri,MYY
3961,Sibu Airport,MY,Sibu,SBW
3962,Bario Airport,MY,Bario,BBN
3963,Lahad Datu Airport,MY,Lahad Datu,LDU
3964,Kota Kinabalu International Airport,MY,Kota Kinabalu,BKI
3965,Labuan Airport,MY,Labuan,LBU
3966,Sandakan Airport,MY,Sandakan,SDK
3967,Tawau Airport,MY,Tawau,TWU
3968,Mulu Airport,MY,Mulu,MZV
3969,Brunei International Airport,BN,Bandar Seri Begawan,BWN
3970,Sultan Syarif Kasim II International Airport / Roesmin Nurjadin AFB,ID,Pekanbaru,PKU
3971,Pinang Kampai Airport,ID,Dumai,DUM
3972,Japura Airport,ID,Rengat-Sumatra Island,RGT
3973,Kertajati International Airport,ID,Kertajati,KJT
3974,Husein Sastranegara International Airport,ID,Bandung,BDO
3975,Hang Nadim International Airport,ID,Batam,BTH
3976,Halim Perdanakusuma International Airport,ID,Jakarta,HLP
3977,Soekarno-Hatta International Airport,ID,Jakarta,CGK
3978,Radin Inten II International Airport,ID,Bandar Lampung,TKG
3979,Binaka Airport,ID,Gunungsitoli,GNS
3980,Aek Godang Airport,ID,Padang Sidempuan,AEG
3981,Soewondo Air Force Base,ID,Medan,MES
3982,Kualanamu International Airport,ID,Medan,KNO
3983,Dr. Ferdinand Lumban Tobing Airport,ID,Sibolga (Pinangsori),FLZ
3984,Alas Leuser Airport,ID,Kutacane,LSR
3985,Nanga Pinoh Airport,ID,Nanga Pinoh-Borneo Island,NPO
3986,Rahadi Osman Airport,ID,Ketapang,KTG
3987,Ranai Airport,ID,Ranai-Natuna Besar Island,NTX
3988,Supadio Airport,ID,Pontianak,PNK
3989,Pangsuma Airport,ID,Putussibau-Borneo Island,PSU
3990,Depati Amir Airport,ID,Pangkal Pinang,PGK
3991,Fatmawati Soekarno Airport,ID,Bengkulu,BKS
3992,Sultan Mahmud Badaruddin II Airport,ID,Palembang,PLM
3993,Pendopo Airport,ID,Talang Gudang-Sumatra Island,PDO
3994,Minangkabau International Airport,ID,Padang (Katapiang),PDG
3995,Cut Nyak Dhien Airport,ID,Kuala Pesisir,MEQ
3996,Rembele Airport,ID,Takengon,TXE
3997,Lhok Sukon Airport,ID,Lhok Sukon-Sumatra Island,LSX
3998,Sultan Iskandar Muda International Airport,ID,Banda Aceh,BTJ
3999,Tioman Airport,MY,Tioman Island,TOD
4000,Sultan Abdul Halim Airport,MY,Alor Satar,AOR
4001,RMAF Butterworth Air Base,MY,Butterworth,BWH
4002,Sultan Ismail Petra Airport,MY,Kota Baharu,KBR
4003,Kuantan Airport,MY,Kuantan,KUA
4004,Kerteh Airport,MY,Kerteh,KTE
4005,Sultan Azlan Shah Airport,MY,Ipoh,IPH
4006,Senai International Airport,MY,Johor Bahru,JHB
4007,Kuala Lumpur International Airport,MY,Sepang,KUL
4008,Langkawi International Airport,MY,Langkawi,LGK
4009,Malacca International Airport,MY,Malacca,MKZ
4010,Sultan Mahmud Airport,MY,Kuala Terengganu,TGG
4011,Penang International Airport,MY,Penang,PEN
4012,Sultan Abdul Aziz Shah International Airport,MY,Subang,SZB
4013,Suai Airport,TL,Suai,UAI
4014,Presidente Nicolau Lobato International Airport,TL,Dili,DIL
4015,Cakung Airport,TL,Baucau,BCH
4016,Rota Do S√¢ndalo Oecusse Airport,TL,Oecussi-Ambeno,OEC
4017,Paya Lebar Air Base,SG,Paya Lebar,QPG
4018,Tengah Air Base,SG,Western Water Catchment,TGA
4019,Seletar Airport,SG,Seletar,XSP
4020,Singapore Changi Airport,SG,Singapore,SIN
4021,Wuzhou Xijiang Airport,CN,Tangbu,WUZ
4022,Smolensk North Airport,RU,Smolensk,LNX
4023,Albany Airport,AU,Albany,ALH
4024,Ararat Airport,AU,Ararat,ARY
4025,Armidale Airport,AU,Armidale,ARM
4026,Ayers Rock Connellan Airport,AU,Yulara,AYQ
4027,Barcaldine Airport,AU,Barcaldine,BCI
4028,Alice Springs Airport,AU,Alice Springs,ASP
4029,Brisbane International Airport,AU,Brisbane,BNE
4030,Gold Coast Airport,AU,Gold Coast,OOL
4031,Blackall Airport,AU,Blackall,BKQ
4032,Cairns International Airport,AU,Cairns,CNS
4033,Charleville Airport,AU,Charleville,CTL
4034,Broken Hill Airport,AU,Broken Hill,BHQ
4035,Hamilton Island Airport,AU,Hamilton Island,HTI
4036,Mount Isa Airport,AU,Mount Isa,ISA
4037,Mackay Airport,AU,Mackay,MKY
4038,Ballina Byron Gateway Airport,AU,Ballina,BNK
4039,Bairnsdale Airport,AU,Bairnsdale,BSJ
4040,Yibin Wuliangye Airport,CN,Yibin (Cuiping),YBP
4041,Proserpine Whitsunday Coast Airport,AU,Proserpine,PPP
4042,Rockhampton Airport,AU,Rockhampton,ROK
4043,Broome International Airport,AU,Broome,BME
4044,Sunshine Coast Airport,AU,Maroochydore,MCY
4045,Bathurst Airport,AU,Bathurst,BHS
4046,Bathurst Island Airport,AU,Wurrumiyanga,BRT
4047,Townsville Airport / RAAF Base Townsville,AU,Townsville,TSV
4048,Bundaberg Airport,AU,Bundaberg,BDB
4049,Weipa Airport,AU,Weipa,WEI
4050,Toowoomba Wellcamp Airport,AU,Toowoomba,WTB
4051,Carnarvon Airport,AU,Carnarvon,CVQ
4052,Coober Pedy Airport,AU,Coober Pedy,CPD
4053,Chinchilla Airport,AU,Chinchilla,CCL
4054,Cloncurry Airport,AU,Cloncurry,CNJ
4055,Coffs Harbour Airport,AU,Coffs Harbour,CFS
4056,RAAF Base Curtin,AU,Derby,DCN
4057,Coen Airport,AU,Coen,CUQ
4058,Cooma Snowy Mountains Airport,AU,Cooma,OOM
4059,Derby Airport,AU,Derby,DRB
4060,Deniliquin Airport,AU,Deniliquin,DNQ
4061,Devonport Airport,AU,Devonport,DPO
4062,Elcho Island Airport,AU,Elcho Island,ELC
4063,Emerald Airport,AU,Emerald,EMD
4064,Esperance Airport,AU,Esperance,EPR
4065,Forbes Airport,AU,Forbes,FRB
4066,Geraldton Airport,AU,Geraldton,GET
4067,Clarence Valley Regional Airport,AU,Grafton,GFN
4068,Gladstone Airport,AU,Gladstone,GLT
4069,Glen Innes Airport,AU,Glen Innes,GLI
4070,Garden Point Airport,AU,Pirlangimpi,GPN
4071,Groote Eylandt Airport,AU,Groote Eylandt,GTE
4072,Griffith Airport,AU,Griffith,GFF
4073,Hervey Bay Airport,AU,Hervey Bay,HVB
4074,Horn Island Airport,AU,Horn,HID
4075,Mount Hotham Airport,AU,Mount Hotham,MHU
4076,Inverell Airport,AU,Inverell,IVR
4077,Kowanyama Airport,AU,Kowanyama,KWM
4078,Leonora Airport,AU,Leonora,LNO
4079,Lockhart River Airport,AU,Lockhart River,IRG
4080,Lismore Airport,AU,Lismore,LSY
4081,Longreach Airport,AU,Longreach,LRE
4082,Latrobe Valley Airport,AU,Morwell,TGN
4083,Avalon Airport,AU,Lara,AVV
4084,Albury Airport,AU,Albury,ABX
4085,Mareeba Airport,AU,Mareeba,MRG
4086,Mudgee Airport,AU,Mudgee,DGE
4087,Melbourne Essendon Airport,AU,Essendon Fields,MEB
4088,Merimbula Airport,AU,Merimbula,MIM
4089,Maningrida Airport,AU,Maningrida,MNG
4090,Hobart International Airport,AU,Hobart,HBA
4091,Mildura Airport,AU,Mildura,MQL
4092,Launceston Airport,AU,Launceston,LST
4093,Melbourne Moorabbin Airport,AU,Melbourne,MBW
4094,Melbourne International Airport,AU,Melbourne,MEL
4095,Moree Airport,AU,Moree,MRZ
4096,Moranbah Airport,AU,Moranbah,MOV
4097,Moruya Airport,AU,Moruya,MYA
4098,Mount Gambier Airport,AU,Mount Gambier,MGB
4099,Narrandera Airport,AU,Narrandera,NRA
4100,Narrabri Airport,AU,Narrabri,NAA
4101,Yantai Penglai International Airport,CN,Yantai,YNT
4102,Normanton Airport,AU,Normanton,NTN
4103,Newman Airport,AU,Newman,ZNE
4104,Orange Airport,AU,Orange,OAG
4105,Adelaide International Airport,AU,Adelaide,ADL
4106,Paraburdoo Airport,AU,Paraburdoo,PBO
4107,Cocos (Keeling) Islands Airport,CC,West Island,CCK
4108,Darwin International Airport / RAAF Darwin,AU,Darwin,DRW
4109,Gove Airport,AU,Nhulunbuy,GOV
4110,Perth Jandakot Airport,AU,Perth,JAD
4111,Karratha Airport,AU,Karratha,KTA
4112,Kalgoorlie Boulder Airport,AU,Broadwood,KGI
4113,Parkes Airport,AU,Parkes,PKE
4114,Port Keats Airport,AU,Wadeye,PKT
4115,East Kimberley Regional (Kununurra) Airport,AU,Kununurra,KNX
4116,Port Lincoln Airport,AU,Port Lincoln,PLO
4117,Learmonth Airport,AU,Exmouth,LEA
4118,Port Macquarie Airport,AU,Port Macquarie,PQQ
4119,Port Hedland International Airport,AU,Port Hedland,PHE
4120,Perth International Airport,AU,Perth,PER
4121,Christmas Island Airport,CX,Flying Fish Cove,XCH
4122,Roma Airport,AU,Roma,RMA
4123,Sydney Bankstown Airport,AU,Sydney,BWU
4124,Canberra International Airport,AU,Canberra,CBR
4125,Camden Airport,AU,Cobbitty,CDU
4126,Dubbo City Regional Airport,AU,Dubbo,DBO
4127,Shark Bay Airport,AU,Denham,MJK
4128,Shellharbour Airport,AU,Albion Park Rail,WOL
4129,Snake Bay Airport,AU,Milikapiti,SNB
4130,Norfolk Island International Airport,NF,Burnt Pine,NLK
4131,Naval Air Station Nowra - HMAS Albatross,AU,Nowra Hill,NOA
4132,RAAF Base Richmond,AU,Richmond,XRH
4133,Sydney Kingsford Smith International Airport,AU,Sydney,SYD
4134,Tamworth Airport,AU,Tamworth,TMW
4135,Wagga Wagga City Airport,AU,Wagga Wagga,WGA
4136,Temora Airport,AU,Temora,TEM
4137,Thargomindah Airport,AU,Thargomindah,XTG
4138,Thangool Airport,AU,Biloela,THG
4139,Tennant Creek Airport,AU,Tennant Creek,TCA
4140,Taree Airport,AU,Taree,TRO
4141,Whyalla Airport,AU,Whyalla,WYA
4142,Newcastle Airport,AU,Williamtown,NTL
4143,West Sale Airport,AU,Sale,SXE
4144,West Wyalong Airport,AU,West Wyalong,WWY
4145,Wynyard Airport,AU,Burnie,BWT
4146,Yueyang Sanhe Airport,CN,Yueyang (Yueyanglou),YYA
4147,Beijing Capital International Airport,CN,Beijing,PEK
4148,Beijing Daxing International Airport,CN,Beijing,PKX
4149,Chengde Puning Airport,CN,Chengde,CDE
4150,Chifeng Yulong Airport,CN,Chifeng,CIF
4151,Qinhuangdao Beidaihe Airport,CN,Qinhuangdao (Changli),BPE
4152,Ordos Ejin Horo Airport,CN,Ordos,DSN
4153,Erenhot Saiwusu International Airport,CN,Erenhot,ERL
4154,Arxan Yi'ershi Airport,CN,Arxan,YIE
4155,Handan Airport,CN,Handan,HDG
4156,Hohhot Baita International Airport,CN,Hohhot,HET
4157,Holingol Huolinhe Airport,CN,Holingol,HUO
4158,Hulunbuir Hailar Airport,CN,Hailar,HLD
4159,Linfen Yaodu Airport,CN,Linfen (Yaodu),LFQ
4160,L√ºliang Dawu Airport,CN,L√ºliang,LLV
4161,Manzhouli Xijiao Airport,CN,Manzhouli,NZH
4162,Baotou Donghe Airport,CN,Baotou,BAV
4163,Shijiazhuang Zhengding International Airport,CN,Shijiazhuang,SJW
4164,Tianjin Binhai International Airport,CN,Tianjin,TSN
4165,Tongliao Airport,CN,Tongliao,TGO
4166,Ulanqab Jining Airport,CN,Ulanqab,UCB
4167,Xilinhot Airport,CN,Xilinhot,XIL
4168,Yuncheng Zhangxiao Airport,CN,Yuncheng (Yanhu),YCU
4169,Taiyuan Wusu Airport,CN,Taiyuan,TYN
4170,Bayannur Tianjitai Airport,CN,Bavannur,RLK
4171,Zhalantun Genghis Khan Airport,CN,Zhalantun,NZL
4172,Beihai Fucheng Airport,CN,Beihai (Yinhai),BHY
4173,Changde Taohuayuan Airport,CN,Changde (Dingcheng),CGD
4174,Huaihua Zhijiang Airport,CN,Huaihua,HJJ
4175,Chenzhou Beihu Airport,CN,Chenzhou,HCZ
4176,Guangzhou Baiyun International Airport,CN,Guangzhou (Huadu),CAN
4177,Changsha Huanghua International Airport,CN,Changsha (Changsha),CSX
4178,Hechi Jinchengjiang Airport,CN,Hechi (Jinchengjiang),HCJ
4179,Guilin Liangjiang International Airport,CN,Guilin (Lingui),KWL
4180,Yongzhou Lingling Airport,CN,Yongzhou,LLF
4181,Nanning Wuxu Airport,CN,Nanning (Jiangnan),NNG
4182,Jieyang Chaoshan International Airport,CN,Jieyang (Rongcheng),SWA
4183,Zhuhai Jinwan Airport,CN,Zhuhai (Jinwan),ZUH
4184,Shaoyang Wugang Airport,CN,Shaoyang (Wugang),WGN
4185,Shenzhen Bao'an International Airport,CN,Shenzhen (Bao'an),SZX
4186,Yulin Fumian Airport,CN,Y√πl√≠n,YLX
4187,Liuzhou Bailian Airport / Bailian Air Base,CN,Liuzhou (Liujiang),LZH
4188,Zhengzhou Xinzheng International Airport,CN,Zhengzhou,CGO
4189,Enshi Xujiaping Airport,CN,Enshi (Enshi),ENH
4190,Guangzhou MR Air Base / Guanghua Airport,CN,Xiangyang (Laohekou),LHK
4191,Wuhan Tianhe International Airport,CN,Wuhan (Huangpi),WUH
4192,Jingzhou Shashi Airport,CN,Jingzhou (Shashi),SHS
4193,Luoyang Beijiao Airport,CN,Luoyang (Laocheng),LYA
4194,Shennongjia Hongping Airport,CN,Shennongjia (Hongping),HPG
4195,Shiyan Wudangshan Airport,CN,Shiyan (Maojian),WDS
4196,Xiangyang Liuji Airport,CN,Xiangyang (Xiangzhou),XFN
4197,Yichang Sanxia Airport,CN,Yichang (Xiaoting),YIH
4198,Haikou Meilan International Airport,CN,Haikou (Meilan),HAK
4199,Qionghai Bo'ao Airport,CN,Qionghai (Basuo),BAR
4200,Sanya Phoenix International Airport,CN,Sanya (Tianya),SYX
4201,Pyongyang Sunan International Airport,KP,Pyongyang,FNJ
4202,Sondok Airport,KP,S≈ènd≈èng-ni,DSO
4203,Wonsan Kalma International Airport,KP,Wonsan,WOS
4204,Dunhuang Mogao International Airport,CN,Dunhuang,DNH
4205,Golmud Airport,CN,Golmud,GOQ
4206,Guyuan Liupanshan Airport,CN,Guyuan (Yuanzhou),GYU
4207,Huatugou Airport,CN,Mengnai,HTT
4208,Yinchuan Hedong International Airport,CN,Yinchuan,INC
4209,Lanzhou Zhongchuan International Airport,CN,Lanzhou (Yongdeng),LHW
4210,Longnan Chengzhou Airport,CN,Longnan (Cheng),LNL
4211,Qingyang Xifeng Airport,CN,Qingyang (Xifeng),IQN
4212,Xi'an Xiguan Airport,CN,Xi'an (Baqiao),SIA
4213,Gannan Xiahe Airport,CN,Gannan (Xiahe),GXH
4214,Xining Caojiabao International Airport,CN,Haidong (Huzhu Tu Autonomous County),XNN
4215,Xi'an Xianyang International Airport,CN,Xianyang (Weicheng),XIY
4216,Zhongwei Shapotou Airport,CN,Zhongwei (Shapotou),ZHY
4217,Kalumbila Airport,ZM,Kalumbila,UMB
4218,Arvaikheer Airport,MN,Arvaikheer,AVK
4219,Altai Airport,MN,Altai,LTI
4220,Bayankhongor Airport,MN,Bayankhongor,BYN
4221,Bulgan Airport,MN,Bulgan,UGA
4222,Ulaanbaatar Chinggis Khaan International Airport,MN,Ulaanbaatar (Sergelen),UBN
4223,Dalanzadgad Airport,MN,Dalanzadgad,DLZ
4224,Khovd Airport,MN,Khovd,HVD
4225,M√∂r√∂n Airport,MN,M√∂r√∂n,MXV
4226,Buyant-Ukhaa International Airport,MN,Ulaanbaatar,ULN
4227,Cangyuan Washan Airport,CN,Lincang (Cangyuan),CWJ
4228,Dali Fengyi Airport,CN,Dali (Xiaguan),DLU
4229,Diqing Shangri-La Airport,CN,Diqing (Shangri-La),DIG
4230,Xishuangbanna Gasa International Airport,CN,Jinghong (Gasa),JHG
4231,Lancang Jingmai Airport,CN,Pu'er (Lancang),JMJ
4232,Lijiang Sanyi International Airport,CN,Lijiang (Gucheng),LJG
4233,Dehong Mangshi Airport,CN,Dehong (Mangshi),LUM
4234,Kunming Changshui International Airport,CN,Kunming,KMG
4235,Stevanus Rumbewas Airport,ID,Serui,ZRI
4236,Xiamen Gaoqi International Airport,CN,Xiamen,XMN
4237,Anqing Tianzhushan Airport / Anqing North Air Base,CN,Anqing,AQG
4238,Bengbu Tenghu Airport,CN,Bengbu,BFU
4239,Changzhou Benniu International Airport,CN,Changzhou,CZX
4240,Nanchang Changbei International Airport,CN,Nanchang,KHN
4241,Fuyang Xiguan Airport,CN,"Yingzhou, Fuyang",FUG
4242,Fuzhou Changle International Airport,CN,Fuzhou,FOC
4243,Hangzhou Xiaoshan International Airport,CN,Hangzhou,HGH
4244,Heze Mudan Airport,CN,Heze (Dingtao),HZA
4245,Jingdezhen Luojia Airport,CN,Jingdezhen,JDZ
4246,Jining Da'an Airport,CN,Jining,JNG
4247,Jinan Yaoqiang International Airport,CN,Jinan (Licheng),TNA
4248,Quzhou Airport,CN,Quzhou,JUZ
4249,Longyan Guanzhishan Airport,CN,Longyan,LCX
4250,Taizhou Luqiao Airport,CN,Huangyan,HYN
4251,Linyi Qiyang Airport,CN,Linyi (Hedong),LYI
4252,Ningbo Lishe International Airport,CN,Ningbo,NGB
4253,Nanjing Lukou International Airport,CN,Nanjing,NKG
4254,Hefei Xinqiao International Airport,CN,Hefei,HFE
4255,Shanghai Pudong International Airport,CN,Shanghai (Pudong),PVG
4256,Quanzhou Jinjiang International Airport,CN,Quanzhou,JJN
4257,Rugao Air Base,CN,Rugao (Nantong),RUG
4258,Rizhao Shanzihe Airport,CN,Rizhao (Donggang),RIZ
4259,Shanghai Hongqiao International Airport,CN,Shanghai (Minhang),SHA
4260,Suzhou Guangfu Airport,CN,Suzhou,SZV
4261,Tunxi International Airport,CN,Huangshan,TXN
4262,Wuhu Xuanzhou Airport,CN,Wuhu,WHA
4263,Weifang Nanyuan Airport,CN,Weifang (Kuiwen),WEF
4264,Weihai Dashuibo Airport,CN,Weihai,WEH
4265,Sunan Shuofang International Airport,CN,Wuxi,WUX
4266,Nanping Wuyishan Airport,CN,Wuyishan,WUS
4267,Wenzhou Longwan International Airport,CN,Wenzhou,WNZ
4268,Xuzhou Guanyin International Airport,CN,Xuzhou,XUZ
4269,Yangzhou Taizhou Airport,CN,Yangzhou,YTY
4270,Yichun Mingyueshan Airport,CN,Yichun,YIC
4271,Yancheng Nanyang International Airport,CN,Yancheng (Tinghu),YNZ
4272,Yiwu Airport,CN,Yiwu,YIW
4273,Zhoushan Putuoshan Airport,CN,Zhoushan,HSN
4274,Ngari Gunsa Airport,CN,Shiquanhe,NGQ
4275,Anshun Huangguoshu Airport,CN,Anshun (Xixiu),AVA
4276,Qamdo Bangda Airport,CN,Bangda,BPX
4277,Bijie Feixiong Airport,CN,Bijie,BFJ
4278,Chongqing Jiangbei International Airport,CN,Chongqing,CKG
4279,Daocheng Yading Airport,CN,Garz√™ (Daocheng),DCY
4280,Guangyuan Panlong Airport,CN,Guangyuan (Lizhou),GYS
4281,Guiyang Longdongbao International Airport,CN,Guiyang (Nanming),KWE
4282,Jiuzhai Huanglong Airport,CN,Ngawa (Songpan),JZH
4283,Kangding Airport,CN,Garz√™ (Kangding),KGT
4284,Kaili Huangping Airport,CN,Kaili  (Huangping),KJH
4285,Lhasa Gonggar Airport,CN,Shannan (Gonggar),LXA
4286,Luzhou Yunlong Airport,CN,Luzhou (Yunlong),LZO
4287,Zunyi Maotai Airport,CN,Zunyi,WMT
4288,Mianyang Nanjiao Airport,CN,Mianyang (Fucheng),MIG
4289,Liping Airport,CN,Liping,HZH
4290,Nyingchi Mainling Airport,CN,Nyingchi (Mainling),LZY
4291,Liupanshui Yuezhao Airport,CN,Liupanshui (Zhongshan),LPF
4292,Tengchong Tuofeng Airport,CN,Baoshan (Tengchong),TCZ
4293,Chengdu Tianfu International Airport,CN,Chengdu (Jianyang),TFU
4294,Tongren Fenghuang Airport,CN,Tongren (Daxing),TEN
4295,Chengdu Shuangliu International Airport,CN,Chengdu (Shuangliu),CTU
4296,Chongqing Xiann√ºshan Airport,CN,Wulong,CQW
4297,Xichang Qingshan Airport,CN,Liangshan (Xichang),XIC
4298,Xingyi Wanfenglin Airport,CN,Xingyi,ACX
4299,Zunyi Xinzhou Airport,CN,Zunyi,ZYI
4300,Aksu Hongqipo Airport,CN,Aksu (Onsu),AKU
4301,Bole Alashankou Airport,CN,Bole,BPL
4302,Qiemo Yudu Airport,CN,Qiemo,IQM
4303,Fuyun Koktokay Airport,CN,Fuyun,FYN
4304,Hami Airport,CN,Hami,HMI
4305,Korla Licheng Airport,CN,Korla,KRL
4306,Burqin Kanas Airport,CN,Burqin,KJI
4307,Xinyuan Nalati Airport,CN,Xinyuan,NLT
4308,Ruoqiang Loulan Airport,CN,Ruoqiang Town,RQA
4309,Shache Airport,CN,Shache,QSZ
4310,Kashgar Airport,CN,Kashgar,KHG
4311,Shanshan Airport,CN,Shanshan,SXJ
4312,Turpan Jiaohe Airport,CN,Turpan,TLQ
4313,Hotan Airport,CN,Hotan,HTN
4314,√úr√ºmqi Diwopu International Airport,CN,√úr√ºmqi,URC
4315,Anshan Teng'ao Airport / Anshan Air Base,CN,Anshan,AOG
4316,Changchun Longjia International Airport,CN,Changchun,CGQ
4317,Changhai Airport,CN,Dalian (Changhai),CNI
4318,Chaoyang Airport,CN,"Shuangta, Chaoyang",CHG
4319,Wudalianchi Dedu Airport,CN,Heihe,DTU
4320,Fuyuan Dongji Airport,CN,Fuyuan,FYJ
4321,Harbin Taiping International Airport,CN,Harbin,HRB
4322,Heihe Aihui Airport,CN,Heihe,HEK
4323,Jiamusi Dongjiao Airport,CN,Jiamusi,JMU
4324,Jiansanjiang Shidi Airport,CN,Jiansanjiang,JSJ
4325,Jixi Xingkaihu Airport,CN,Jixi,JXA
4326,Yichun Lindu Airport,CN,Yichun,LDS
4327,Yushu Batang Airport,CN,Yushu (Batang),YUS
4328,Mudanjiang Hailang International Airport,CN,Mudanjiang,MDG
4329,Mohe Gulian Airport,CN,Mohe,OHE
4330,Qiqihar Sanjiazi Airport,CN,Qiqihar,NDG
4331,Songyuan Chaganhu Airport,CN,Qian Gorlos Mongol Autonomous County,YSQ
4332,Dalian Zhoushuizi International Airport,CN,Dalian (Ganjingzi),DLC
4333,Tonghua Sanyuanpu Airport,CN,Tonghua,TNH
4334,Shenyang Taoxian International Airport,CN,"Hunnan, Shenyang",SHE
4335,Yanji Chaoyangchuan Airport,CN,Yanji,YNJ
4336,Yingkou Lanqi Airport,CN,Yingkou (Laobian),YKH
